arquivo;mes_key;data;descricao;valor_entrada;valor_saida;saldo;categoria
Extrato Mensal_Abril2025.pdf;2025-04;01/04/2025;Sispag Fornecedores - G = aplicação programada Sispag Fornecedores - P = poupança automática Sispag Fornecedores - Para demais siglas, consulte as Notas;390,0;110,0;347,0;Fornecedores
Extrato Mensal_Abril2025.pdf;2025-04;02/04/2025;IOF - Sispag Fornecedores - Este material está disponível na Internet > Menu Conta Corrente > Extrato Mensal 353787 B001A 07/05/2025 VBRE6FY3 G0129 I0353787 extrato mensal ag 1611 cc 03917-1 abr 2025 002|006;1,33;0,0;100,0;Fornecedores
Extrato Mensal_Abril2025.pdf;2025-04;03/04/2025;Sispag TRIB COD BARRAS - Sispag Fornecedores - Sispag Fornecedores - Sispag Fornecedores - Rede VISA DB0041879767;1156,61;300,0;8,52;Fornecedores
Extrato Mensal_Abril2025.pdf;2025-04;04/04/2025;Sispag Fornecedores - PIX QRS DIONE RIBEI04/04 PIX TRANSF SEBASTI04/04 Apl Aplic Aut Mais -;649,91;980,0;1000,0;Fornecedores
Extrato Mensal_Abril2025.pdf;2025-04;07/04/2025;Sispag TRIB MUNICIPAL - Sispag Fornecedores - Sispag Fornecedores - Sispag Fornecedores - Sispag Fornecedores -;662,09;650,0;1454,69;Fornecedores
Extrato Mensal_Abril2025.pdf;2025-04;08/04/2025;Sispag Fornecedores - Sispag Fornecedores - Res Aplic Aut Mais Rend Pago Aplic Aut Mais;495,0;30,0;524,99;Fornecedores
Extrato Mensal_Abril2025.pdf;2025-04;09/04/2025;Sispag Fornecedores - Sispag Fornecedores - Sispag Fornecedores - Res Aplic Aut Mais -;141,82;262,5;560,55;Fornecedores
Extrato Mensal_Abril2025.pdf;2025-04;10/04/2025;Sispag Fornecedores - Sispag Fornecedores - Rede ELO CD0041879767 -;2,79;100,0;238,53;Fornecedores
Extrato Mensal_Abril2025.pdf;2025-04;11/04/2025;Sispag Fornecedores - PIX QRS CLEITON SAN11/04 PIX QRS WALTER MART11/04 -;285,0;100,0;160,0;Fornecedores
Extrato Mensal_Abril2025.pdf;2025-04;14/04/2025;Sispag Fornecedores - Sispag Fornecedores - Sispag Fornecedores - DEP DIN ATM ENV 000592 Rede VISA DB0041879767;26,0;343,33;29,78;Fornecedores
Extrato Mensal_Abril2025.pdf;2025-04;15/04/2025;Sispag Fornecedores - Sispag Fornecedores - 353787 B001A 07/05/2025 VBRE6FY3 G0129 I0353787 extrato mensal ag 1611 cc 03917-1 abr 2025 003|006;1000,0;0,0;3152,41;Fornecedores
Extrato Mensal_Abril2025.pdf;2025-04;16/04/2025;Sispag Fornecedores - PIX QRS Paulo Weber16/04 PIX TRANSF Valeria16/04 Apl Aplic Aut Mais -;275,0;700,0;940,0;Fornecedores
Extrato Mensal_Abril2025.pdf;2025-04;17/04/2025;Sispag Fornecedores - Sispag Fornecedores - Rede VISA CD0041879767 Apl Aplic Aut Mais -;300,0;30,0;377,17;Fornecedores
Extrato Mensal_Abril2025.pdf;2025-04;22/04/2025;Sispag Fornecedores - Sispag Fornecedores - Sispag Fornecedores - Sispag Fornecedores - Sispag Fornecedores -;240,0;168,88;371,78;Fornecedores
Extrato Mensal_Abril2025.pdf;2025-04;23/04/2025;Sispag Fornecedores - Sispag Fornecedores - Sispag Fornecedores - Sispag Fornecedores - Sispag Fornecedores -;433,94;835,21;339,31;Fornecedores
Extrato Mensal_Abril2025.pdf;2025-04;24/04/2025;Sispag Fornecedores - Sispag Fornecedores - Rede MAST CD0041879767 Apl Aplic Aut Mais -;30,0;6,71;1366,48;Fornecedores
Extrato Mensal_Abril2025.pdf;2025-04;25/04/2025;Sispag Fornecedores - Sispag Fornecedores - Sispag Fornecedores - Sispag Fornecedores - Rede VISA CD0041879767;184,86;429,95;560,55;Fornecedores
Extrato Mensal_Abril2025.pdf;2025-04;28/04/2025;Sispag Fornecedores - Sispag Fornecedores - Sispag Fornecedores - Sispag Fornecedores - Sispag Fornecedores -;120,0;50,0;101,97;Fornecedores
Extrato Mensal_Abril2025.pdf;2025-04;29/04/2025;Sispag Fornecedores - Sispag Fornecedores - Sispag Fornecedores - Sispag Fornecedores - Sispag Fornecedores -;409,32;371,78;669,34;Fornecedores
Extrato Mensal_Abril2025.pdf;2025-04;30/04/2025;Sispag Fornecedores - Sispag Fornecedores - Sispag Fornecedores - Sispag Fornecedores - Sispag Fornecedores -;305,0;228,0;1948,5;Fornecedores
Extrato Mensal_Abril2025.pdf;2025-04;01/04/2025;;986,1;0,0;0,0;Outros
Extrato Mensal_Abril2025.pdf;2025-04;02/04/2025;;0,0;122,86;0,0;Outros
Extrato Mensal_Abril2025.pdf;2025-04;02/04/2025;14;0,0;140,0;0,0;Outros
Extrato Mensal_Abril2025.pdf;2025-04;02/04/2025;;0,0;173,24;0,0;Outros
Extrato Mensal_Abril2025.pdf;2025-04;03/04/2025;;0,0;453,44;0,02;Outros
Extrato Mensal_Abril2025.pdf;2025-04;04/04/2025;;1330,09;0,0;0,0;Outros
Extrato Mensal_Abril2025.pdf;2025-04;07/04/2025;;0,0;984,44;0,07;Outros
Extrato Mensal_Abril2025.pdf;2025-04;07/04/2025;;0,0;1861,85;0,11;Outros
Extrato Mensal_Abril2025.pdf;2025-04;07/04/2025;;0,0;1027,22;0,05;Outros
Extrato Mensal_Abril2025.pdf;2025-04;07/04/2025;;0,0;986,1;0,04;Outros
Extrato Mensal_Abril2025.pdf;2025-04;07/04/2025;;0,0;369,49;0,0;Outros
Extrato Mensal_Abril2025.pdf;2025-04;08/04/2025;353787 B001A 07/05/2025 VBRE6FY3 G0129 I0353787 extrato mensal ag 1611 cc 03917-1 abr 2025 005|006;0,0;524,99;0,01;Outros
Extrato Mensal_Abril2025.pdf;2025-04;09/04/2025;;0,0;435,61;0,01;Outros
Extrato Mensal_Abril2025.pdf;2025-04;14/04/2025;;1972,05;0,0;0,0;Outros
Extrato Mensal_Abril2025.pdf;2025-04;15/04/2025;;0,0;670,18;0,0;Outros
Extrato Mensal_Abril2025.pdf;2025-04;16/04/2025;;1365,0;0,0;0,0;Outros
Extrato Mensal_Abril2025.pdf;2025-04;17/04/2025;;47,17;0,0;0,0;Outros
Extrato Mensal_Abril2025.pdf;2025-04;22/04/2025;;0,0;714,2;0,02;Outros
Extrato Mensal_Abril2025.pdf;2025-04;23/04/2025;;0,0;587,67;0,03;Outros
Extrato Mensal_Abril2025.pdf;2025-04;23/04/2025;;0,0;1250,87;0,03;Outros
Extrato Mensal_Abril2025.pdf;2025-04;24/04/2025;;1329,77;0,0;0,0;Outros
Extrato Mensal_Abril2025.pdf;2025-04;25/04/2025;;336,27;0,0;0,0;Outros
Extrato Mensal_Abril2025.pdf;2025-04;28/04/2025;;4186,17;0,0;0,0;Outros
Extrato Mensal_Abril2025.pdf;2025-04;29/04/2025;;1343,35;0,0;0,0;Outros
Extrato Mensal_Abril2025.pdf;2025-04;30/04/2025;;0,0;114,13;0,0;Outros
Extrato Mensal_Abril2025.pdf;2025-04;30/04/2025;;0,0;47,17;0,0;Outros
Extrato Mensal_Abril2025.pdf;2025-04;30/04/2025;;0,0;1329,77;0,05;Outros
Extrato Mensal_Abril2025.pdf;2025-04;30/04/2025;;0,0;336,27;0,01;Outros
Extrato Mensal_Abril2025.pdf;2025-04;30/04/2025;total Conta Corrente | Débitos automáticos efetuados;0,0;51,7;0,0;Outros
Extrato Mensal_Abril2025.pdf;2025-04;15/04/2025;/25 BUSINESS 0503-0407 Conta Corrente|Cheque Especial (LIS) Limite contratado (LIS) R$ Limite variável (LIS Adicional) (1) ou (LIS Recebíveis) (2) R$;1955,93;29000,0;0,0;Débito Automático
Extrato Mensal_Agosto2025.pdf;2025-08;01/08/2025;Sispag Fornecedores - G = aplicação programada Res Aplic Aut Mais;12,79;12,79;1,0;Fornecedores
Extrato Mensal_Agosto2025.pdf;2025-08;04/08/2025;Sispag Fornecedores - Sispag Fornecedores - Sispag Fornecedores - Sispag Fornecedores - Sispag Fornecedores -;1637,03;180,0;413,33;Fornecedores
Extrato Mensal_Agosto2025.pdf;2025-08;05/08/2025;Sispag Fornecedores - Sispag Fornecedores - Sispag Fornecedores - Sispag Fornecedores - Rede ELO CD0041879767;555,0;60,0;30,0;Fornecedores
Extrato Mensal_Agosto2025.pdf;2025-08;06/08/2025;Sispag Fornecedores - Sispag Fornecedores - Sispag Fornecedores - Sispag Fornecedores - Sispag Fornecedores 3-;441,49;6,56;30,0;Fornecedores
Extrato Mensal_Agosto2025.pdf;2025-08;07/08/2025;Sispag Fornecedores - PIX QRS GABRIEL ARA07/08 Apl Aplic Aut Mais -;30,0;170,0;140,0;Fornecedores
Extrato Mensal_Agosto2025.pdf;2025-08;08/08/2025;Sispag Fornecedores - Sispag Fornecedores - Sispag Fornecedores - Sispag Fornecedores - Rede MAST CD0041879767;124,88;515,0;501,0;Fornecedores
Extrato Mensal_Agosto2025.pdf;2025-08;11/08/2025;Sispag Fornecedores - Sispag Fornecedores - Rede MAST DB0041879767 Rede VISA CD0041879767 PIX TRANSF MARIA A11/08;373,33;38,99;491,4;Fornecedores
Extrato Mensal_Agosto2025.pdf;2025-08;12/08/2025;Sispag Fornecedores - Sispag Fornecedores - Sispag Fornecedores - Sispag Fornecedores - Rede MAST CD0041879767;30,0;15,0;63,0;Fornecedores
Extrato Mensal_Agosto2025.pdf;2025-08;13/08/2025;Sispag Fornecedores - Sispag Fornecedores - Sispag Fornecedores - Sispag Fornecedores - Sispag Fornecedores -;3297,55;45,0;720,74;Fornecedores
Extrato Mensal_Agosto2025.pdf;2025-08;14/08/2025;Sispag TRIB COD BARRAS - Sispag Fornecedores - Sispag Fornecedores - Sispag Fornecedores - Sispag Fornecedores -;1148,91;400,0;2000,0;Fornecedores
Extrato Mensal_Agosto2025.pdf;2025-08;18/08/2025;Sispag Fornecedores - Sispag Fornecedores - Sispag Fornecedores - Sispag Fornecedores - Business 0503-0407 -;106,77;40,0;44,96;Fornecedores
Extrato Mensal_Agosto2025.pdf;2025-08;19/08/2025;Rede MAST DB0041879767 Apl Aplic Aut Mais -;535,63;271,75;1,0;Cartões
Extrato Mensal_Agosto2025.pdf;2025-08;20/08/2025;Sispag Fornecedores - Sispag Fornecedores - Sispag Fornecedores - Sispag Fornecedores - Rede MAST DB0041879767;454,95;267,65;30,0;Fornecedores
Extrato Mensal_Agosto2025.pdf;2025-08;21/08/2025;Rede VISA CD0041879767 Apl Aplic Aut Mais -;270,78;105,7;1,0;Cartões
Extrato Mensal_Agosto2025.pdf;2025-08;22/08/2025;Sispag Fornecedores - Sispag Fornecedores - Sispag Fornecedores - Sispag Fornecedores - Sispag Fornecedores -;545,0;400,66;340,0;Fornecedores
Extrato Mensal_Agosto2025.pdf;2025-08;25/08/2025;Sispag Fornecedores - Sispag Fornecedores - Sispag Fornecedores - Sispag Fornecedores - Sispag Fornecedores -;500,0;35,0;501,0;Fornecedores
Extrato Mensal_Agosto2025.pdf;2025-08;26/08/2025;Sispag Fornecedores - Sispag Fornecedores - Rede MAST CD0041879767 Rede VISA CD0041879767 Apl Aplic Aut Mais -;40,0;399,96;2478,51;Fornecedores
Extrato Mensal_Agosto2025.pdf;2025-08;27/08/2025;Sispag Fornecedores - Sispag Fornecedores - Sispag Fornecedores - Sispag Fornecedores - Sispag Fornecedores -;180,0;150,83;258,5;Fornecedores
Extrato Mensal_Agosto2025.pdf;2025-08;28/08/2025;SALDO APLIC AUT MAIS;6318,28;0,0;0,0;Aplicações/Resgates
Extrato Mensal_Agosto2025.pdf;2025-08;29/08/2025;Sispag TRIB COD BARRAS - Sispag Fornecedores - Sispag Fornecedores - Sispag Fornecedores - Sispag Fornecedores -;959,9;1567,1;2601,42;Fornecedores
Extrato Mensal_Agosto2025.pdf;2025-08;01/08/2025;;0,0;12,79;0,0;Outros
Extrato Mensal_Agosto2025.pdf;2025-08;04/08/2025;;0,0;1397,64;0,09;Outros
Extrato Mensal_Agosto2025.pdf;2025-08;04/08/2025;;0,0;2253,25;0,09;Outros
Extrato Mensal_Agosto2025.pdf;2025-08;04/08/2025;1.24;0,0;1240,0;0,04;Outros
Extrato Mensal_Agosto2025.pdf;2025-08;05/08/2025;;923,06;0,0;0,0;Outros
Extrato Mensal_Agosto2025.pdf;2025-08;06/08/2025;;18,79;0,0;0,0;Outros
Extrato Mensal_Agosto2025.pdf;2025-08;07/08/2025;;140,0;0,0;0,0;Outros
Extrato Mensal_Agosto2025.pdf;2025-08;08/08/2025;;125,6;0,0;0,0;Outros
Extrato Mensal_Agosto2025.pdf;2025-08;11/08/2025;;1744,4;0,0;0,0;Outros
Extrato Mensal_Agosto2025.pdf;2025-08;12/08/2025;;4074,86;0,0;0,0;Outros
Extrato Mensal_Agosto2025.pdf;2025-08;13/08/2025;;0,0;235,4;0,01;Outros
Extrato Mensal_Agosto2025.pdf;2025-08;14/08/2025;;0,0;687,66;0,05;Outros
Extrato Mensal_Agosto2025.pdf;2025-08;14/08/2025;;0,0;18,79;0,0;Outros
Extrato Mensal_Agosto2025.pdf;2025-08;14/08/2025;14;0,0;140,0;0,0;Outros
Extrato Mensal_Agosto2025.pdf;2025-08;14/08/2025;;0,0;125,6;0,0;Outros
Extrato Mensal_Agosto2025.pdf;2025-08;14/08/2025;;0,0;1744,4;0,05;Outros
Extrato Mensal_Agosto2025.pdf;2025-08;14/08/2025;;0,0;1620,07;0,03;Outros
Extrato Mensal_Agosto2025.pdf;2025-08;15/08/2025;4;0,0;40,0;0,0;Outros
Extrato Mensal_Agosto2025.pdf;2025-08;18/08/2025;;0,0;2414,79;0,1;Outros
Extrato Mensal_Agosto2025.pdf;2025-08;19/08/2025;;271,75;0,0;0,0;Outros
Extrato Mensal_Agosto2025.pdf;2025-08;20/08/2025;;0,0;271,75;0,0;Outros
Extrato Mensal_Agosto2025.pdf;2025-08;21/08/2025;;105,7;0,0;0,0;Outros
Extrato Mensal_Agosto2025.pdf;2025-08;22/08/2025;;0,0;105,7;0,0;Outros
Extrato Mensal_Agosto2025.pdf;2025-08;25/08/2025;;4003,06;0,0;0,0;Outros
Extrato Mensal_Agosto2025.pdf;2025-08;26/08/2025;;3609,56;0,0;0,0;Outros
Extrato Mensal_Agosto2025.pdf;2025-08;27/08/2025;;0,0;1294,34;0,02;Outros
Extrato Mensal_Agosto2025.pdf;2025-08;29/08/2025;;0,0;2708,72;0,11;Outros
Extrato Mensal_Agosto2025.pdf;2025-08;29/08/2025;total 358822 B001A 04/09/2025 VBRE6FY3 G0133 I0358822 extrato mensal ag 1611 cc 03917-1 ago 2025 005|006 Conta Corrente | Débitos automáticos efetuados;0,0;966,03;0,03;Outros
Extrato Mensal_Agosto2025.pdf;2025-08;18/08/2025;/25 BUSINESS 0503-0407 Conta Corrente|Cheque Especial (LIS) Limite contratado (LIS) R$ Limite variável (LIS Adicional) (1) ou (LIS Recebíveis) (2) R$;2496,96;29000,0;0,0;Débito Automático
Extrato Mensal_Fevereiro2025.pdf;2025-02;03/02/2025;SAQUE DIN ATM CART001024 - G = aplicação programada SAQUE DIN ATM CART001024 - P = poupança automática Sispag Fornecedores - Para demais siglas, consulte as Notas;1500,0;1500,0;105,46;Fornecedores
Extrato Mensal_Fevereiro2025.pdf;2025-02;04/02/2025;Sispag Fornecedores - Sispag Fornecedores - Sispag Fornecedores - Sispag Fornecedores - Rede MAST CD0041879767;204,0;14,0;30,96;Fornecedores
Extrato Mensal_Fevereiro2025.pdf;2025-02;05/02/2025;Sispag Fornecedores - Sispag Fornecedores - Sispag Fornecedores - Sispag Fornecedores - Sispag Fornecedores -;1734,69;1610,74;1500,0;Fornecedores
Extrato Mensal_Fevereiro2025.pdf;2025-02;06/02/2025;Sispag Fornecedores - Sispag Fornecedores - Sispag Fornecedores - Sispag Fornecedores - Sispag Fornecedores -;26,0;2454,6;226,34;Fornecedores
Extrato Mensal_Fevereiro2025.pdf;2025-02;07/02/2025;Sispag Fornecedores - Sispag Fornecedores - Sispag Fornecedores - Sispag Fornecedores - Sispag Fornecedores -;80,0;395,0;141,15;Fornecedores
Extrato Mensal_Fevereiro2025.pdf;2025-02;10/02/2025;Sispag Fornecedores - Sispag Fornecedores - Sispag Fornecedores - Sispag Fornecedores - Sispag Fornecedores -;180,0;550,0;340,0;Fornecedores
Extrato Mensal_Fevereiro2025.pdf;2025-02;11/02/2025;Sispag Fornecedores - Sispag Fornecedores - 350979 B001A 07/03/2025 VBRE6FY3 G0127 I0350979 extrato mensal ag 1611 cc 03917-1 fev 2025 003|006;121,5;0,0;30,0;Fornecedores
Extrato Mensal_Fevereiro2025.pdf;2025-02;12/02/2025;Sispag Fornecedores - Sispag Fornecedores - Sispag Fornecedores - Sispag Fornecedores - Res Aplic Aut Mais;492,8;343,34;160,0;Fornecedores
Extrato Mensal_Fevereiro2025.pdf;2025-02;13/02/2025;Sispag Fornecedores - Sispag Fornecedores - Res Aplic Aut Mais;50,0;19,65;69,65;Fornecedores
Extrato Mensal_Fevereiro2025.pdf;2025-02;14/02/2025;Sispag Fornecedores - Sispag Fornecedores - Sispag Fornecedores - Sispag Fornecedores - Sispag Fornecedores -;26,0;300,0;634,72;Fornecedores
Extrato Mensal_Fevereiro2025.pdf;2025-02;17/02/2025;Sispag Fornecedores - Sispag Fornecedores - Sispag Fornecedores - Sispag Fornecedores - Sispag Fornecedores -;290,0;748,09;550,0;Fornecedores
Extrato Mensal_Fevereiro2025.pdf;2025-02;18/02/2025;PIX QRS CLAYTON AND18/02 Apl Aplic Aut Mais -;150,0;150,0;1,0;PIX
Extrato Mensal_Fevereiro2025.pdf;2025-02;19/02/2025;Sispag Fornecedores - Sispag Fornecedores - Sispag Fornecedores - Rede VISA DB0041879767 Apl Aplic Aut Mais -;138,49;290,0;12,49;Fornecedores
Extrato Mensal_Fevereiro2025.pdf;2025-02;20/02/2025;Sispag TRIB COD BARRAS - Sispag Fornecedores - Sispag Fornecedores - PIX TRANSF Fausto 20/02 Res Aplic Aut Mais;1145,49;230,0;585,03;Fornecedores
Extrato Mensal_Fevereiro2025.pdf;2025-02;21/02/2025;Sispag TRIB COD BARRAS - Sispag Fornecedores - 350979 B001A 07/03/2025 VBRE6FY3 G0127 I0350979 extrato mensal ag 1611 cc 03917-1 fev 2025 004|006;2667,98;0,0;626,57;Fornecedores
Extrato Mensal_Fevereiro2025.pdf;2025-02;24/02/2025;Sispag Fornecedores - Sispag Fornecedores - Sispag Fornecedores - Sispag Fornecedores - Res Aplic Aut Mais;215,0;460,82;124,26;Fornecedores
Extrato Mensal_Fevereiro2025.pdf;2025-02;25/02/2025;Sispag Fornecedores - Sispag Fornecedores - Rede MAST CD0041879767 Apl Aplic Aut Mais -;22,7;15,0;475,7;Fornecedores
Extrato Mensal_Fevereiro2025.pdf;2025-02;26/02/2025;Sispag Fornecedores - Sispag Fornecedores - PIX QRS 51.830.168 26/02 Apl Aplic Aut Mais -;168,88;100,0;570,0;Fornecedores
Extrato Mensal_Fevereiro2025.pdf;2025-02;27/02/2025;Sispag Fornecedores - Sispag Fornecedores - Rede AMEX CD0041879767 PIX QRS CLEITON ANT27/02 PIX QRS Jean Jackso27/02;370,0;3,86;1433,1;Fornecedores
Extrato Mensal_Fevereiro2025.pdf;2025-02;28/02/2025;Sispag Fornecedores - Sispag Fornecedores - PIX QRS Jessica Fel28/02 Res Aplic Aut Mais;206,99;32,92;140,0;Fornecedores
Extrato Mensal_Fevereiro2025.pdf;2025-02;03/02/2025;;0,0;2093,33;0,24;Outros
Extrato Mensal_Fevereiro2025.pdf;2025-02;03/02/2025;;0,0;1336,33;0,14;Outros
Extrato Mensal_Fevereiro2025.pdf;2025-02;03/02/2025;;0,0;57,24;0,0;Outros
Extrato Mensal_Fevereiro2025.pdf;2025-02;04/02/2025;;1624,67;0,0;0,0;Outros
Extrato Mensal_Fevereiro2025.pdf;2025-02;05/02/2025;;0,0;4057,71;0,41;Outros
Extrato Mensal_Fevereiro2025.pdf;2025-02;05/02/2025;;0,0;247,01;0,02;Outros
Extrato Mensal_Fevereiro2025.pdf;2025-02;05/02/2025;;0,0;791,5;0,05;Outros
Extrato Mensal_Fevereiro2025.pdf;2025-02;06/02/2025;;0,0;470,37;0,03;Outros
Extrato Mensal_Fevereiro2025.pdf;2025-02;06/02/2025;;0,0;185,73;0,01;Outros
Extrato Mensal_Fevereiro2025.pdf;2025-02;07/02/2025;;0,0;7,45;0,0;Outros
Extrato Mensal_Fevereiro2025.pdf;2025-02;10/02/2025;;0,0;1281,45;0,11;Outros
Extrato Mensal_Fevereiro2025.pdf;2025-02;10/02/2025;;0,0;667,76;0,05;Outros
Extrato Mensal_Fevereiro2025.pdf;2025-02;11/02/2025;;2468,68;0,0;0,0;Outros
Extrato Mensal_Fevereiro2025.pdf;2025-02;12/02/2025;;0,0;889,17;0,08;Outros
Extrato Mensal_Fevereiro2025.pdf;2025-02;12/02/2025;;0,0;114,37;0,01;Outros
Extrato Mensal_Fevereiro2025.pdf;2025-02;13/02/2025;;0,0;69,65;0,0;Outros
Extrato Mensal_Fevereiro2025.pdf;2025-02;14/02/2025;;0,0;1012,31;0,1;Outros
Extrato Mensal_Fevereiro2025.pdf;2025-02;17/02/2025;;0,0;1503,03;0,17;Outros
Extrato Mensal_Fevereiro2025.pdf;2025-02;17/02/2025;;0,0;340,61;0,03;Outros
Extrato Mensal_Fevereiro2025.pdf;2025-02;18/02/2025;;150,0;0,0;0,0;Outros
Extrato Mensal_Fevereiro2025.pdf;2025-02;19/02/2025;;787,52;0,0;0,0;Outros
Extrato Mensal_Fevereiro2025.pdf;2025-02;20/02/2025;;0,0;1510,41;0,2;Outros
Extrato Mensal_Fevereiro2025.pdf;2025-02;21/02/2025;;0,0;226,17;0,03;Outros
Extrato Mensal_Fevereiro2025.pdf;2025-02;21/02/2025;;0,0;1624,67;0,2;Outros
Extrato Mensal_Fevereiro2025.pdf;2025-02;21/02/2025;;0,0;2144,23;0,16;Outros
Extrato Mensal_Fevereiro2025.pdf;2025-02;24/02/2025;;0,0;324,45;0,02;Outros
Extrato Mensal_Fevereiro2025.pdf;2025-02;24/02/2025;15;0,0;150,0;0,0;Outros
Extrato Mensal_Fevereiro2025.pdf;2025-02;24/02/2025;;0,0;337,16;0,0;Outros
Extrato Mensal_Fevereiro2025.pdf;2025-02;25/02/2025;;438,0;0,0;0,0;Outros
Extrato Mensal_Fevereiro2025.pdf;2025-02;26/02/2025;;301,12;0,0;0,0;Outros
Extrato Mensal_Fevereiro2025.pdf;2025-02;27/02/2025;;2109,24;0,0;0,0;Outros
Extrato Mensal_Fevereiro2025.pdf;2025-02;28/02/2025;total Conta Corrente | Saques efetuados total R$ 3.00;0,0;99,91;0,0;Saques
Extrato Mensal_Fevereiro2025.pdf;2025-02;03/02/2025;/25 SAQUE DIN ATM CART001024 03/02/25 SAQUE DIN ATM CART001024 Conta Corrente | Débitos automáticos efetuados;1500,0;0,0;1500,0;Saques
Extrato Mensal_Fevereiro2025.pdf;2025-02;17/02/2025;/25 BUSINESS 0503-0407 Conta Corrente|Cheque Especial (LIS) Limite contratado (LIS) R$ Limite variável (LIS Adicional) (1) ou (LIS Recebíveis) (2) R$;882,18;29000,0;0,0;Débito Automático
Extrato Mensal_Janeiro2025.pdf;2025-01;02/01/2025;Sispag Fornecedores - G = aplicação programada Sispag Fornecedores - P = poupança automática Sispag Fornecedores - Para demais siglas, consulte as Notas;293,34;65,0;486,99;Fornecedores
Extrato Mensal_Janeiro2025.pdf;2025-01;03/01/2025;Sispag Fornecedores - Sispag Fornecedores - Rede ELO DB0041879767 Tar Plano Adapt 1 12/24 - TAR PIX QR LIQ ESTATICO -;173,62;119,4;194,98;Fornecedores
Extrato Mensal_Janeiro2025.pdf;2025-01;06/01/2025;Sispag Fornecedores - Sispag Fornecedores - Sispag Fornecedores - Sispag Fornecedores - Sispag Fornecedores -;483,98;305,0;329,0;Fornecedores
Extrato Mensal_Janeiro2025.pdf;2025-01;07/01/2025;PIX TRANSF WASHING07/01 Apl Aplic Aut Mais -;230,0;230,0;1,0;PIX
Extrato Mensal_Janeiro2025.pdf;2025-01;08/01/2025;Sispag Fornecedores - Sispag Fornecedores - Sispag Fornecedores - Sispag Fornecedores - Sispag Fornecedores -;416,8;272,7;100,0;Fornecedores
Extrato Mensal_Janeiro2025.pdf;2025-01;09/01/2025;Sispag Fornecedores - Sispag Fornecedores - Ag. TEF 1611.09136-2/500 Rede MAST DB0041879767 Rede VISA DB0041879767;215,0;26,0;6000,0;Fornecedores
Extrato Mensal_Janeiro2025.pdf;2025-01;10/01/2025;Sispag TRIB MUNICIPAL - Sispag TRIB MUNICIPAL - Sispag Fornecedores - Sispag Fornecedores - Sispag Fornecedores -;638,96;242,05;470,0;Fornecedores
Extrato Mensal_Janeiro2025.pdf;2025-01;13/01/2025;Sispag TRIB COD BARRAS - Sispag Fornecedores - Sispag Fornecedores - Sispag Fornecedores - Rede ELO CD0041879767;3061,71;465,08;41,15;Fornecedores
Extrato Mensal_Janeiro2025.pdf;2025-01;14/01/2025;Sispag Fornecedores - 349848 B001A 06/02/2025 VBRE6FY3 G0126 I0349848 extrato mensal ag 1611 cc 03917-1 jan 2025 003|008;168,88;0,0;0,0;Fornecedores
Extrato Mensal_Janeiro2025.pdf;2025-01;15/01/2025;Sispag Fornecedores - Sispag Fornecedores - Rede VISA DB0041879767 Apl Aplic Aut Mais -;40,0;21,0;2850,12;Fornecedores
Extrato Mensal_Janeiro2025.pdf;2025-01;16/01/2025;Sispag Fornecedores - Sispag Fornecedores - Sispag Fornecedores - DEP DINHEIRO ATM CDEP CHEQUE ATM N. 000413 1.;50,0;39,14;214,0;Fornecedores
Extrato Mensal_Janeiro2025.pdf;2025-01;17/01/2025;Sispag Fornecedores - Sispag Fornecedores - Sispag Fornecedores - Sispag Fornecedores - Sispag Fornecedores -;550,0;293,33;366,25;Fornecedores
Extrato Mensal_Janeiro2025.pdf;2025-01;20/01/2025;Sispag TRIB COD BARRAS - Sispag TRIB COD BARRAS - Sispag Fornecedores - Sispag Fornecedores - Sispag Fornecedores -;2455,22;1535,54;290,0;Fornecedores
Extrato Mensal_Janeiro2025.pdf;2025-01;21/01/2025;Sispag Fornecedores - Sispag Fornecedores - Sispag Fornecedores - Rede MAST CD0041879767 Rede VISA CD0041879767;103,94;136,17;26,93;Fornecedores
Extrato Mensal_Janeiro2025.pdf;2025-01;22/01/2025;Sispag Fornecedores - Sispag Fornecedores - Sispag Fornecedores - PIX QRS ELDINEY DAN22/01 PIX QRS Mauricio bo22/01;486,99;30,0;26,0;Fornecedores
Extrato Mensal_Janeiro2025.pdf;2025-01;23/01/2025;Sispag Fornecedores - Res Aplic Aut Mais;30,0;30,0;1,0;Fornecedores
Extrato Mensal_Janeiro2025.pdf;2025-01;24/01/2025;Sispag Fornecedores - Sispag Fornecedores - Sispag Fornecedores - Sispag Fornecedores - Sispag Fornecedores -;250,0;213,75;470,0;Fornecedores
Extrato Mensal_Janeiro2025.pdf;2025-01;27/01/2025;SAQUE BANCO24H02498608 2 - Sispag Fornecedores - Sispag Fornecedores - Sispag Fornecedores - Rede MAST CD0041879767;1000,0;340,0;30,0;Fornecedores
Extrato Mensal_Janeiro2025.pdf;2025-01;28/01/2025;Sispag Fornecedores - Sispag Fornecedores - Sispag Fornecedores - Sispag Fornecedores - Sispag Fornecedores -;135,6;416,8;40,0;Fornecedores
Extrato Mensal_Janeiro2025.pdf;2025-01;29/01/2025;Sispag Fornecedores - Sispag Fornecedores - Sispag Fornecedores - Rede MAST CD0041879767 Rede MAST DB0041879767;266,47;21,0;12,0;Fornecedores
Extrato Mensal_Janeiro2025.pdf;2025-01;30/01/2025;Sispag Fornecedores - Sispag Fornecedores - Rede MAST CD0041879767 PIX QRS VICTOR SEGA30/01 1.4 Apl Aplic Aut Mais -;20,0;40,0;1319,36;Fornecedores
Extrato Mensal_Janeiro2025.pdf;2025-01;31/01/2025;Sispag Fornecedores - Sispag Fornecedores - Sispag Fornecedores - PIX QRS DIOMAR ILAR31/01 PIX QRS EDUARDO SIL31/01;659,48;308,8;54,53;Fornecedores
Extrato Mensal_Janeiro2025.pdf;2025-01;02/01/2025;;0,0;491,16;0,05;Outros
Extrato Mensal_Janeiro2025.pdf;2025-01;03/01/2025;;0,0;247,52;0,03;Outros
Extrato Mensal_Janeiro2025.pdf;2025-01;06/01/2025;;0,0;250,93;0,03;Outros
Extrato Mensal_Janeiro2025.pdf;2025-01;06/01/2025;;0,0;1430,66;0,18;Outros
Extrato Mensal_Janeiro2025.pdf;2025-01;06/01/2025;;0,0;1542,54;0,16;Outros
Extrato Mensal_Janeiro2025.pdf;2025-01;06/01/2025;;0,0;842,33;0,08;Outros
Extrato Mensal_Janeiro2025.pdf;2025-01;06/01/2025;;0,0;20,38;0,0;Outros
Extrato Mensal_Janeiro2025.pdf;2025-01;07/01/2025;;230,0;0,0;0,0;Outros
Extrato Mensal_Janeiro2025.pdf;2025-01;08/01/2025;;0,0;262,82;0,02;Outros
Extrato Mensal_Janeiro2025.pdf;2025-01;08/01/2025;;0,0;35,92;0,0;Outros
Extrato Mensal_Janeiro2025.pdf;2025-01;09/01/2025;;6397,82;0,0;0,0;Outros
Extrato Mensal_Janeiro2025.pdf;2025-01;10/01/2025;;0,0;591,24;0,05;Outros
Extrato Mensal_Janeiro2025.pdf;2025-01;10/01/2025;;0,0;589,93;0,03;Outros
Extrato Mensal_Janeiro2025.pdf;2025-01;10/01/2025;23;0,0;230,0;0,0;Outros
Extrato Mensal_Janeiro2025.pdf;2025-01;10/01/2025;;0,0;591,65;0,0;Outros
Extrato Mensal_Janeiro2025.pdf;2025-01;13/01/2025;;907,76;0,0;0,0;Outros
Extrato Mensal_Janeiro2025.pdf;2025-01;14/01/2025;;0,0;2195,93;0,05;Outros
Extrato Mensal_Janeiro2025.pdf;2025-01;15/01/2025;;2789,12;0,0;0,0;Outros
Extrato Mensal_Janeiro2025.pdf;2025-01;16/01/2025;;1336,33;0,0;0,0;Outros
Extrato Mensal_Janeiro2025.pdf;2025-01;20/01/2025;;0,0;3610,24;0,22;Outros
Extrato Mensal_Janeiro2025.pdf;2025-01;20/01/2025;;0,0;667,7;0,03;Outros
Extrato Mensal_Janeiro2025.pdf;2025-01;21/01/2025;;4114,95;0,0;0,0;Outros
Extrato Mensal_Janeiro2025.pdf;2025-01;22/01/2025;;247,01;0,0;0,0;Outros
Extrato Mensal_Janeiro2025.pdf;2025-01;23/01/2025;3;0,0;30,0;0,0;Outros
Extrato Mensal_Janeiro2025.pdf;2025-01;24/01/2025;;1261,87;0,0;0,0;Outros
Extrato Mensal_Janeiro2025.pdf;2025-01;27/01/2025;;0,0;210,06;0,01;Outros
Extrato Mensal_Janeiro2025.pdf;2025-01;27/01/2025;;0,0;695,79;0,05;Outros
Extrato Mensal_Janeiro2025.pdf;2025-01;28/01/2025;;1474,63;0,0;0,0;Outros
Extrato Mensal_Janeiro2025.pdf;2025-01;29/01/2025;;1556,93;0,0;0,0;Outros
Extrato Mensal_Janeiro2025.pdf;2025-01;30/01/2025;;2699,36;0,0;0,0;Outros
Extrato Mensal_Janeiro2025.pdf;2025-01;31/01/2025;total Conta Corrente | Saques efetuados total R$ 1.00;2077,19;0,0;0,0;Saques
Extrato Mensal_Janeiro2025.pdf;2025-01;27/01/2025;/25 SAQUE BANCO24H02498608 2 349848 B001A 06/02/2025 VBRE6FY3 G0126 I0349848 extrato mensal ag 1611 cc 03917-1 jan 2025 006|008 Conta Corrente|Cheque Especial (LIS) Limite contratado (LIS) R$;1000,0;0,0;29000,0;Saques
Extrato Mensal_Julho2025.pdf;2025-07;01/07/2025;Sispag Fornecedores - G = aplicação programada Sispag Fornecedores - P = poupança automática Sispag Fornecedores - Para demais siglas, consulte as Notas;2588,5;2079,87;1505,98;Fornecedores
Extrato Mensal_Julho2025.pdf;2025-07;02/07/2025;Sispag Fornecedores - Sispag Fornecedores - Tar Plano Adapt 1 06/25 - TAR PIX QR LIQ ESTATICO - Res Aplic Aut Mais;35,0;30,0;159,0;Fornecedores
Extrato Mensal_Julho2025.pdf;2025-07;03/07/2025;Sispag Fornecedores - Sispag Fornecedores - Rede VISA DB0041879767 Este material está disponível na Internet > Menu Conta Corrente > Extrato Mensal 358635 B001A 06/08/2025 VBRE6FY3 G0132 I0358635 extrato mensal ag 1611 cc 03917-1 jul 2025 002|008;291,0;30,0;491,4;Fornecedores
Extrato Mensal_Julho2025.pdf;2025-07;04/07/2025;Sispag Fornecedores - Sispag Fornecedores - Sispag Fornecedores - Sispag Fornecedores - Sispag Fornecedores -;1637,03;250,0;1857,25;Fornecedores
Extrato Mensal_Julho2025.pdf;2025-07;07/07/2025;Sispag Fornecedores - Sispag Fornecedores - Sispag Fornecedores - PIX QRS DARIO DA CU07/07 Apl Aplic Aut Mais -;30,0;100,0;500,13;Fornecedores
Extrato Mensal_Julho2025.pdf;2025-07;08/07/2025;Sispag Fornecedores - Sispag Fornecedores - Sispag Fornecedores - PIX TRANSF CITY CA08/07 Res Aplic Aut Mais;495,0;282,93;62,0;Fornecedores
Extrato Mensal_Julho2025.pdf;2025-07;09/07/2025;Sispag Fornecedores - Sispag Fornecedores - Sispag Fornecedores - Sispag Fornecedores - Sispag Fornecedores -;373,34;37,0;30,0;Fornecedores
Extrato Mensal_Julho2025.pdf;2025-07;10/07/2025;Sispag Fornecedores - Sispag Fornecedores - Rede VISA DB0041879767 Apl Aplic Aut Mais -;472,8;8,3;1277,64;Fornecedores
Extrato Mensal_Julho2025.pdf;2025-07;11/07/2025;Sispag Fornecedores - PIX TRANSF DONATO 11/07 PIX TRANSF JESSICA11/07 Apl Aplic Aut Mais -;290,51;350,0;1450,0;Fornecedores
Extrato Mensal_Julho2025.pdf;2025-07;14/07/2025;Sispag Fornecedores - Sispag Fornecedores - Rede MAST DB0041879767 PIX QRS AVENIR ALVE14/07 PIX QRS Eduardo de 14/07;298,0;24,99;1130,22;Fornecedores
Extrato Mensal_Julho2025.pdf;2025-07;15/07/2025;Sispag Fornecedores - 358635 B001A 06/08/2025 VBRE6FY3 G0132 I0358635 extrato mensal ag 1611 cc 03917-1 jul 2025 003|008;315,0;0,0;0,0;Fornecedores
Extrato Mensal_Julho2025.pdf;2025-07;16/07/2025;Sispag Fornecedores - Sispag Fornecedores - Sispag Fornecedores - Sispag Fornecedores - Sispag Fornecedores -;240,0;252,0;389,84;Fornecedores
Extrato Mensal_Julho2025.pdf;2025-07;17/07/2025;Sispag Fornecedores - Sispag Fornecedores - Sispag Fornecedores - Rede MAST CD0041879767 PIX TRANSF Daniele17/07;65,0;172,9;473,94;Fornecedores
Extrato Mensal_Julho2025.pdf;2025-07;18/07/2025;Sispag Fornecedores - Sispag Fornecedores - Sispag Fornecedores - Sispag Fornecedores - Rede MAST CD0041879767;200,0;406,5;380,0;Fornecedores
Extrato Mensal_Julho2025.pdf;2025-07;21/07/2025;Sispag Fornecedores - Sispag Fornecedores - Sispag Fornecedores - Sispag Fornecedores - Sispag Fornecedores -;2000,0;105,93;54,22;Fornecedores
Extrato Mensal_Julho2025.pdf;2025-07;22/07/2025;Sispag Fornecedores - Sispag Fornecedores - Sispag Fornecedores - Rede MAST CD0041879767 PIX QRS FL CONSTRUC22/07;2580,94;437,5;50,0;Fornecedores
Extrato Mensal_Julho2025.pdf;2025-07;23/07/2025;Sispag Fornecedores - Sispag Fornecedores - Rede MAST CD0041879767 Rede VISA CD0041879767 PIX QRS DIEGO CARDO23/07;20,0;240,69;951,4;Fornecedores
Extrato Mensal_Julho2025.pdf;2025-07;24/07/2025;Sispag Fornecedores - 358635 B001A 06/08/2025 VBRE6FY3 G0132 I0358635 extrato mensal ag 1611 cc 03917-1 jul 2025 004|008;285,0;0,0;0,0;Fornecedores
Extrato Mensal_Julho2025.pdf;2025-07;25/07/2025;Sispag Fornecedores - Sispag Fornecedores - Sispag Fornecedores - Sispag Fornecedores - Sispag Fornecedores -;384,24;163,25;400,95;Fornecedores
Extrato Mensal_Julho2025.pdf;2025-07;28/07/2025;Sispag TRIB COD BARRAS - Sispag TRIB COD BARRAS - Sispag TRIB COD BARRAS - Sispag TRIB COD BARRAS - Sispag Fornecedores -;3434,64;1275,95;1866,01;Fornecedores
Extrato Mensal_Julho2025.pdf;2025-07;29/07/2025;Sispag Fornecedores - Sispag Fornecedores - Sispag Fornecedores - Rede MAST CD0041879767 Rede MAST DB0041879767;54,0;1285,04;270,0;Fornecedores
Extrato Mensal_Julho2025.pdf;2025-07;30/07/2025;Sispag Fornecedores - Sispag Fornecedores - PIX QRS THAIS LORRA30/07 PIX TRANSF Adilson30/07 Apl Aplic Aut Mais -;190,0;60,0;400,0;Fornecedores
Extrato Mensal_Julho2025.pdf;2025-07;31/07/2025;Sispag Fornecedores - Sispag Fornecedores - Sispag Fornecedores - Sispag Fornecedores - Sispag Fornecedores -;1000,0;40,0;393,81;Fornecedores
Extrato Mensal_Julho2025.pdf;2025-07;01/07/2025;;0,0;1337,45;0,11;Outros
Extrato Mensal_Julho2025.pdf;2025-07;01/07/2025;;0,0;210,86;0,01;Outros
Extrato Mensal_Julho2025.pdf;2025-07;01/07/2025;;0,0;530,22;0,02;Outros
Extrato Mensal_Julho2025.pdf;2025-07;01/07/2025;;0,0;1325,0;0,04;Outros
Extrato Mensal_Julho2025.pdf;2025-07;01/07/2025;;0,0;2570,76;0,05;Outros
Extrato Mensal_Julho2025.pdf;2025-07;02/07/2025;;0,0;286,87;0,0;Outros
Extrato Mensal_Julho2025.pdf;2025-07;03/07/2025;;2620,4;0,0;0,0;Outros
Extrato Mensal_Julho2025.pdf;2025-07;04/07/2025;;0,0;2025,51;0,11;Outros
Extrato Mensal_Julho2025.pdf;2025-07;04/07/2025;;0,0;972,03;0,04;Outros
Extrato Mensal_Julho2025.pdf;2025-07;04/07/2025;;0,0;1334,89;0,01;Outros
Extrato Mensal_Julho2025.pdf;2025-07;07/07/2025;;149,87;0,0;0,0;Outros
Extrato Mensal_Julho2025.pdf;2025-07;08/07/2025;;0,0;539,93;0,01;Outros
Extrato Mensal_Julho2025.pdf;2025-07;09/07/2025;;1649,21;0,0;0,0;Outros
Extrato Mensal_Julho2025.pdf;2025-07;10/07/2025;;796,54;0,0;0,0;Outros
Extrato Mensal_Julho2025.pdf;2025-07;11/07/2025;;1509,49;0,0;0,0;Outros
Extrato Mensal_Julho2025.pdf;2025-07;14/07/2025;;1557,23;0,0;0,0;Outros
Extrato Mensal_Julho2025.pdf;2025-07;15/07/2025;;0,0;745,58;0,06;Outros
Extrato Mensal_Julho2025.pdf;2025-07;15/07/2025;;0,0;149,87;0,0;Outros
Extrato Mensal_Julho2025.pdf;2025-07;15/07/2025;;0,0;1649,21;0,07;Outros
Extrato Mensal_Julho2025.pdf;2025-07;15/07/2025;;0,0;796,54;0,02;Outros
Extrato Mensal_Julho2025.pdf;2025-07;15/07/2025;;0,0;947,95;0,02;Outros
Extrato Mensal_Julho2025.pdf;2025-07;16/07/2025;;0,0;561,54;0,01;Outros
Extrato Mensal_Julho2025.pdf;2025-07;16/07/2025;;0,0;761,34;0,01;Outros
Extrato Mensal_Julho2025.pdf;2025-07;17/07/2025;;562,24;0,0;0,0;Outros
Extrato Mensal_Julho2025.pdf;2025-07;18/07/2025;;1987,82;0,0;0,0;Outros
Extrato Mensal_Julho2025.pdf;2025-07;21/07/2025;;0,0;91,38;0,0;Outros
Extrato Mensal_Julho2025.pdf;2025-07;22/07/2025;;0,0;704,51;0,04;Outros
Extrato Mensal_Julho2025.pdf;2025-07;22/07/2025;;0,0;562,24;0,01;Outros
Extrato Mensal_Julho2025.pdf;2025-07;22/07/2025;;0,0;399,28;0,0;Outros
Extrato Mensal_Julho2025.pdf;2025-07;23/07/2025;;3669,32;0,0;0,0;Outros
Extrato Mensal_Julho2025.pdf;2025-07;24/07/2025;;4084,77;0,0;0,0;Outros
Extrato Mensal_Julho2025.pdf;2025-07;25/07/2025;;2424,63;0,0;0,0;Outros
Extrato Mensal_Julho2025.pdf;2025-07;28/07/2025;;0,0;1588,54;0,1;Outros
Extrato Mensal_Julho2025.pdf;2025-07;28/07/2025;;0,0;3669,32;0,12;Outros
Extrato Mensal_Julho2025.pdf;2025-07;28/07/2025;;0,0;2889,86;0,06;Outros
Extrato Mensal_Julho2025.pdf;2025-07;29/07/2025;;2253,25;0,0;0,0;Outros
Extrato Mensal_Julho2025.pdf;2025-07;30/07/2025;;1240,0;0,0;0,0;Outros
Extrato Mensal_Julho2025.pdf;2025-07;31/07/2025;;0,0;1194,91;0,06;Outros
Extrato Mensal_Julho2025.pdf;2025-07;31/07/2025;total Conta Corrente | Débitos automáticos efetuados;0,0;1014,2;0,04;Outros
Extrato Mensal_Julho2025.pdf;2025-07;15/07/2025;/25 BUSINESS 0503-0407 358635 B001A 06/08/2025 VBRE6FY3 G0132 I0358635 extrato mensal ag 1611 cc 03917-1 jul 2025 006|008 Conta Corrente|Cheque Especial (LIS) Limite contratado (LIS) R$;1932,68;0,0;29000,0;Débito Automático
Extrato Mensal_Junho2025.pdf;2025-06;02/06/2025;Sispag Fornecedores - G = aplicação programada Sispag Fornecedores - P = poupança automática Sispag Fornecedores - Para demais siglas, consulte as Notas;1637,03;433,92;395,63;Fornecedores
Extrato Mensal_Junho2025.pdf;2025-06;03/06/2025;IOF - Sispag Fornecedores - Sispag Fornecedores - PIX QRS LUIS ANTONI03/06 PIX TRANSF Sidney 03/06;4,08;37,5;12,75;Fornecedores
Extrato Mensal_Junho2025.pdf;2025-06;04/06/2025;Sispag Fornecedores - Sispag Fornecedores - Sispag Fornecedores - PIX QRS Halerson Co04/06 PIX QRS VITALINO HE04/06;965,48;12,17;30,0;Fornecedores
Extrato Mensal_Junho2025.pdf;2025-06;05/06/2025;Sispag Fornecedores - Sispag Fornecedores - Sispag Fornecedores - Rede MAST CD0041879767 Rede VISA DB0041879767;160,0;30,0;23,8;Fornecedores
Extrato Mensal_Junho2025.pdf;2025-06;06/06/2025;Sispag Fornecedores - Sispag Fornecedores - Rede MAST CD0041879767 PIX QRS GILFARNEI M06/06 PIX QRS PABLO AFONS06/06;499,97;40,0;725,32;Fornecedores
Extrato Mensal_Junho2025.pdf;2025-06;09/06/2025;Sispag Fornecedores - Sispag Fornecedores - Sispag Fornecedores - Sispag Fornecedores - Sispag Fornecedores -;1200,0;406,5;131,54;Fornecedores
Extrato Mensal_Junho2025.pdf;2025-06;10/06/2025;SALDO APLIC AUT MAIS;2474,95;0,0;0,0;Aplicações/Resgates
Extrato Mensal_Junho2025.pdf;2025-06;11/06/2025;Sispag Fornecedores - PIX QRS MILE BRESCA11/06 Apl Aplic Aut Mais -;40,0;700,0;660,0;Fornecedores
Extrato Mensal_Junho2025.pdf;2025-06;12/06/2025;Sispag Fornecedores - Sispag Fornecedores - Rede MAST DB0041879767 356199 B001A 04/07/2025 VBRE6FY3 G0131 I0356199 extrato mensal ag 1611 cc 03917-1 jun 2025 003|006;50,0;62,0;442,26;Fornecedores
Extrato Mensal_Junho2025.pdf;2025-06;13/06/2025;Sispag Fornecedores - Sispag Fornecedores - Sispag Fornecedores - Sispag Fornecedores - Sispag Fornecedores -;800,0;800,0;107,51;Fornecedores
Extrato Mensal_Junho2025.pdf;2025-06;16/06/2025;Sispag Fornecedores - Sispag Fornecedores - Sispag Fornecedores - Sispag Fornecedores - Sispag Fornecedores -;3717,74;200,0;149,97;Fornecedores
Extrato Mensal_Junho2025.pdf;2025-06;17/06/2025;Sispag Fornecedores - PIX QRS ERIKO CRIST17/06 TED 104.2494.FUNDACAO P Apl Aplic Aut Mais -;197,0;650,0;967,0;Fornecedores
Extrato Mensal_Junho2025.pdf;2025-06;18/06/2025;Sispag Fornecedores - Sispag Fornecedores - Sispag Fornecedores - Sispag Fornecedores - Sispag Fornecedores -;475,68;212,1;190,0;Fornecedores
Extrato Mensal_Junho2025.pdf;2025-06;20/06/2025;Sispag TRIB COD BARRAS - Sispag Fornecedores - Sispag Fornecedores - Sispag Fornecedores - Sispag Fornecedores -;2500,61;290,52;100,0;Fornecedores
Extrato Mensal_Junho2025.pdf;2025-06;23/06/2025;Sispag Fornecedores - Sispag Fornecedores - Sispag Fornecedores - Sispag Fornecedores - Sispag Fornecedores -;250,0;50,0;286,75;Fornecedores
Extrato Mensal_Junho2025.pdf;2025-06;24/06/2025;Sispag Fornecedores - Sispag Fornecedores - Sispag Fornecedores - Sispag Fornecedores - Rede MAST CD0041879767;267,65;10,0;5,03;Fornecedores
Extrato Mensal_Junho2025.pdf;2025-06;25/06/2025;Sispag Fornecedores - Sispag Fornecedores - Sispag Fornecedores - Sispag Fornecedores - Res Aplic Aut Mais;3,79;4,49;4,89;Fornecedores
Extrato Mensal_Junho2025.pdf;2025-06;26/06/2025;Sispag Fornecedores - Sispag Fornecedores - PIX QRS Cleibe Wesl26/06 PIX TRANSF Flavio 26/06 Apl Aplic Aut Mais -;180,0;155,0;1280,0;Fornecedores
Extrato Mensal_Junho2025.pdf;2025-06;27/06/2025;Sispag Fornecedores - Sispag Fornecedores - Sispag Fornecedores - Sispag Fornecedores - Sispag Fornecedores -;45,0;406,5;4,0;Fornecedores
Extrato Mensal_Junho2025.pdf;2025-06;30/06/2025;Sispag Fornecedores - Rede MAST CD0041879767 PIX TRANSF ADEMAR 30/06 Apl Aplic Aut Mais -;657,5;1379,53;250,0;Fornecedores
Extrato Mensal_Junho2025.pdf;2025-06;02/06/2025;;0,0;1181,86;0,11;Outros
Extrato Mensal_Junho2025.pdf;2025-06;02/06/2025;;0,0;390,89;0,03;Outros
Extrato Mensal_Junho2025.pdf;2025-06;02/06/2025;;0,0;367,08;0,02;Outros
Extrato Mensal_Junho2025.pdf;2025-06;02/06/2025;;0,0;1479,55;0,09;Outros
Extrato Mensal_Junho2025.pdf;2025-06;02/06/2025;;0,0;1226,98;0,05;Outros
Extrato Mensal_Junho2025.pdf;2025-06;02/06/2025;;0,0;1599,44;0,05;Outros
Extrato Mensal_Junho2025.pdf;2025-06;02/06/2025;;0,0;545,0;0,01;Outros
Extrato Mensal_Junho2025.pdf;2025-06;02/06/2025;;0,0;833,62;0,0;Outros
Extrato Mensal_Junho2025.pdf;2025-06;03/06/2025;;116,93;0,0;0,0;Outros
Extrato Mensal_Junho2025.pdf;2025-06;04/06/2025;;0,0;187,65;0,0;Outros
Extrato Mensal_Junho2025.pdf;2025-06;05/06/2025;;1204,19;0,0;0,0;Outros
Extrato Mensal_Junho2025.pdf;2025-06;06/06/2025;;1785,35;0,0;0,0;Outros
Extrato Mensal_Junho2025.pdf;2025-06;09/06/2025;;0,0;111,2;0,0;Outros
Extrato Mensal_Junho2025.pdf;2025-06;09/06/2025;;0,0;116,93;0,0;Outros
Extrato Mensal_Junho2025.pdf;2025-06;09/06/2025;;0,0;514,59;0,01;Outros
Extrato Mensal_Junho2025.pdf;2025-06;11/06/2025;;660,0;0,0;0,0;Outros
Extrato Mensal_Junho2025.pdf;2025-06;12/06/2025;;330,26;0,0;0,0;Outros
Extrato Mensal_Junho2025.pdf;2025-06;13/06/2025;;0,0;689,6;0,04;Outros
Extrato Mensal_Junho2025.pdf;2025-06;13/06/2025;;0,0;1462,1;0,07;Outros
Extrato Mensal_Junho2025.pdf;2025-06;16/06/2025;;0,0;323,25;0,02;Outros
Extrato Mensal_Junho2025.pdf;2025-06;16/06/2025;;0,0;31,95;0,0;Outros
Extrato Mensal_Junho2025.pdf;2025-06;17/06/2025;;1420,0;0,0;0,0;Outros
Extrato Mensal_Junho2025.pdf;2025-06;18/06/2025;;2864,66;0,0;0,0;Outros
Extrato Mensal_Junho2025.pdf;2025-06;20/06/2025;;0,0;628,05;0,04;Outros
Extrato Mensal_Junho2025.pdf;2025-06;20/06/2025;;0,0;330,26;0,01;Outros
Extrato Mensal_Junho2025.pdf;2025-06;20/06/2025;1.42;0,0;1420,0;0,02;Outros
Extrato Mensal_Junho2025.pdf;2025-06;20/06/2025;;0,0;1184,04;0,01;Outros
Extrato Mensal_Junho2025.pdf;2025-06;23/06/2025;;210,86;0,0;0,0;Outros
Extrato Mensal_Junho2025.pdf;2025-06;24/06/2025;;530,22;0,0;0,0;Outros
Extrato Mensal_Junho2025.pdf;2025-06;25/06/2025;;0,0;343,17;0,01;Outros
Extrato Mensal_Junho2025.pdf;2025-06;26/06/2025;;1325,0;0,0;0,0;Outros
Extrato Mensal_Junho2025.pdf;2025-06;27/06/2025;;4883,14;0,0;0,0;Outros
Extrato Mensal_Junho2025.pdf;2025-06;30/06/2025;total Conta Corrente | Débitos automáticos efetuados;972,03;0,0;0,0;Outros
Extrato Mensal_Junho2025.pdf;2025-06;16/06/2025;/25 BUSINESS 0503-0407 Conta Corrente|Cheque Especial (LIS) Limite contratado (LIS) R$ Limite variável (LIS Adicional) (1) ou (LIS Recebíveis) (2) R$;1859,89;29000,0;0,0;Débito Automático
Extrato Mensal_Maio2025.pdf;2025-05;02/05/2025;Sispag Fornecedores - G = aplicação programada Rede ELO DB0041879767 P = poupança automática PIX TRANSF LUIZ ED02/05 9 Para demais siglas, consulte as Notas;50,0;809,17;950,0;Fornecedores
Extrato Mensal_Maio2025.pdf;2025-05;05/05/2025;IOF - Sispag Fornecedores - Sispag Fornecedores - Sispag Fornecedores - Sispag Fornecedores -;2,17;3128,6;1607,25;Fornecedores
Extrato Mensal_Maio2025.pdf;2025-05;06/05/2025;Sispag Fornecedores - Sispag Fornecedores - Rede VISA DB0041879767 Apl Aplic Aut Mais -;23,0;7,9;294,84;Fornecedores
Extrato Mensal_Maio2025.pdf;2025-05;07/05/2025;Sispag Fornecedores - Sispag Fornecedores - Sispag Fornecedores - Sispag Fornecedores - Sispag Fornecedores -;560,55;499,97;45,0;Fornecedores
Extrato Mensal_Maio2025.pdf;2025-05;08/05/2025;Sispag Fornecedores - Rede ELO CD0041879767 PIX QRS CLESIO JOSE08/05 PIX TRANSF M.A INS08/05 Apl Aplic Aut Mais -;255,0;477,05;900,0;Fornecedores
Extrato Mensal_Maio2025.pdf;2025-05;09/05/2025;Sispag Fornecedores - Sispag Fornecedores - Sispag Fornecedores - Sispag Fornecedores - PIX TRANSF CARLOS 09/05;262,5;30,0;499,99;Fornecedores
Extrato Mensal_Maio2025.pdf;2025-05;12/05/2025;Sispag Fornecedores - Sispag Fornecedores - Sispag Fornecedores - Rede VISA DB0041879767 Res Aplic Aut Mais;125,69;2281,79;100,0;Fornecedores
Extrato Mensal_Maio2025.pdf;2025-05;13/05/2025;Sispag Fornecedores - Sispag Fornecedores - Sispag Fornecedores - Sispag Fornecedores - PIX QRS MARCO TULIO13/05;495,0;433,92;481,92;Fornecedores
Extrato Mensal_Maio2025.pdf;2025-05;14/05/2025;Sispag Fornecedores - Sispag Fornecedores - Sispag Fornecedores - Sispag Fornecedores - Rede MAST CD0041879767;1235,73;3,22;32,0;Fornecedores
Extrato Mensal_Maio2025.pdf;2025-05;15/05/2025;Sispag Fornecedores - Sispag Fornecedores - Business 0503-0407 - DEP DIN ATM ENV 000594 Rede VISA DB0041879767;30,0;12,81;2232,87;Fornecedores
Extrato Mensal_Maio2025.pdf;2025-05;16/05/2025;Sispag Fornecedores - Sispag Fornecedores - Sispag Fornecedores - Sispag Fornecedores - Sispag Fornecedores -;317,4;275,0;172,79;Fornecedores
Extrato Mensal_Maio2025.pdf;2025-05;19/05/2025;Sispag Fornecedores - Sispag Fornecedores - Sispag Fornecedores - Sispag Fornecedores - Rede VISA CD0041879767;232,0;82,0;21,3;Fornecedores
Extrato Mensal_Maio2025.pdf;2025-05;20/05/2025;Sispag Fornecedores - Sispag Fornecedores - Sispag Fornecedores - Sispag Fornecedores - Sispag Fornecedores -;500,0;291,0;79,08;Fornecedores
Extrato Mensal_Maio2025.pdf;2025-05;21/05/2025;Sispag TRIB COD BARRAS - Sispag Fornecedores - Sispag Fornecedores - Sispag Fornecedores - PIX QRS EVALDO MORA21/05 4;1317,59;50,0;691,52;Fornecedores
Extrato Mensal_Maio2025.pdf;2025-05;22/05/2025;Sispag Fornecedores - Sispag Fornecedores - Sispag Fornecedores - Rede VISA DB0041879767 PIX TRANSF LIDER T22/05;200,0;220,0;30,0;Fornecedores
Extrato Mensal_Maio2025.pdf;2025-05;23/05/2025;Sispag Fornecedores - Sispag Fornecedores - Sispag Fornecedores - Sispag Fornecedores - 355189 B001A 04/06/2025 VBRE6FY3 G0130 I0355189;775,1;243,15;367,2;Fornecedores
Extrato Mensal_Maio2025.pdf;2025-05;26/05/2025;Sispag Fornecedores - Sispag Fornecedores - Sispag Fornecedores - Sispag Fornecedores - Sispag Fornecedores -;1532,0;209,2;1211,71;Fornecedores
Extrato Mensal_Maio2025.pdf;2025-05;27/05/2025;Sispag Fornecedores - Sispag Fornecedores - Sispag Fornecedores - Sispag Fornecedores - Rede MAST CD0041879767;175,0;46,0;127,54;Fornecedores
Extrato Mensal_Maio2025.pdf;2025-05;28/05/2025;Sispag Fornecedores - Sispag Fornecedores - Sispag Fornecedores - Sispag Fornecedores - Rede MAST DB0041879767;400,66;30,0;51,09;Fornecedores
Extrato Mensal_Maio2025.pdf;2025-05;29/05/2025;Sispag Fornecedores - Sispag Fornecedores - PIX TRANSF JANIO Q29/05 Apl Aplic Aut Mais -;25,0;30,0;600,0;Fornecedores
Extrato Mensal_Maio2025.pdf;2025-05;30/05/2025;Sispag Fornecedores - Sispag Fornecedores - Rede MAST DB0041879767 Rede VISA DB0041879767 Apl Aplic Aut Mais -;12,06;25,0;589,68;Fornecedores
Extrato Mensal_Maio2025.pdf;2025-05;02/05/2025;;3009,17;0,0;0,0;Outros
Extrato Mensal_Maio2025.pdf;2025-05;05/05/2025;;0,0;4134,47;0,17;Outros
Extrato Mensal_Maio2025.pdf;2025-05;05/05/2025;;0,0;1343,35;0,04;Outros
Extrato Mensal_Maio2025.pdf;2025-05;05/05/2025;;0,0;2927,54;0,02;Outros
Extrato Mensal_Maio2025.pdf;2025-05;06/05/2025;;263,94;0,0;0,0;Outros
Extrato Mensal_Maio2025.pdf;2025-05;07/05/2025;;254,16;0,0;0,0;Outros
Extrato Mensal_Maio2025.pdf;2025-05;08/05/2025;;1507,05;0,0;0,0;Outros
Extrato Mensal_Maio2025.pdf;2025-05;09/05/2025;;179,51;0,0;0,0;Outros
Extrato Mensal_Maio2025.pdf;2025-05;12/05/2025;;0,0;81,63;0,0;Outros
Extrato Mensal_Maio2025.pdf;2025-05;12/05/2025;;0,0;263,94;0,01;Outros
Extrato Mensal_Maio2025.pdf;2025-05;12/05/2025;;0,0;254,16;0,0;Outros
Extrato Mensal_Maio2025.pdf;2025-05;12/05/2025;;0,0;1170,64;0,02;Outros
Extrato Mensal_Maio2025.pdf;2025-05;13/05/2025;;0,0;336,41;0,01;Outros
Extrato Mensal_Maio2025.pdf;2025-05;13/05/2025;;0,0;179,51;0,0;Outros
Extrato Mensal_Maio2025.pdf;2025-05;14/05/2025;;522,19;0,0;0,0;Outros
Extrato Mensal_Maio2025.pdf;2025-05;15/05/2025;;768,41;0,0;0,0;Outros
Extrato Mensal_Maio2025.pdf;2025-05;16/05/2025;;0,0;522,19;0,01;Outros
Extrato Mensal_Maio2025.pdf;2025-05;16/05/2025;;0,0;768,41;0,0;Outros
Extrato Mensal_Maio2025.pdf;2025-05;19/05/2025;;500,78;0,0;0,0;Outros
Extrato Mensal_Maio2025.pdf;2025-05;20/05/2025;;3318,47;0,0;0,0;Outros
Extrato Mensal_Maio2025.pdf;2025-05;21/05/2025;;390,89;0,0;0,0;Outros
Extrato Mensal_Maio2025.pdf;2025-05;22/05/2025;;367,08;0,0;0,0;Outros
Extrato Mensal_Maio2025.pdf;2025-05;23/05/2025;;1479,55;0,0;0,0;Outros
Extrato Mensal_Maio2025.pdf;2025-05;26/05/2025;;0,0;500,78;0,02;Outros
Extrato Mensal_Maio2025.pdf;2025-05;26/05/2025;;0,0;2136,61;0,09;Outros
Extrato Mensal_Maio2025.pdf;2025-05;27/05/2025;;1226,98;0,0;0,0;Outros
Extrato Mensal_Maio2025.pdf;2025-05;28/05/2025;;1599,44;0,0;0,0;Outros
Extrato Mensal_Maio2025.pdf;2025-05;29/05/2025;;545,0;0,0;0,0;Outros
Extrato Mensal_Maio2025.pdf;2025-05;30/05/2025;total Conta Corrente | Débitos automáticos efetuados;1132,47;0,0;0,0;Outros
Extrato Mensal_Maio2025.pdf;2025-05;15/05/2025;/25 BUSINESS 0503-0407 Conta Corrente|Cheque Especial (LIS) Limite contratado (LIS) R$ Limite variável (LIS Adicional) (1) ou (LIS Recebíveis) (2) R$;2232,87;29000,0;0,0;Débito Automático
Extrato Mensal_Marco2025.pdf;2025-03;05/03/2025;Sispag Fornecedores - G = aplicação programada Sispag Fornecedores - P = poupança automática Sispag Fornecedores - Para demais siglas, consulte as Notas;449,26;446,27;339,81;Fornecedores
Extrato Mensal_Marco2025.pdf;2025-03;06/03/2025;Sispag Fornecedores - Sispag Fornecedores - Sispag Fornecedores - Tar Plano Adapt 1 02/25 - TAR PIX QR LIQ ESTATICO -;550,0;39,7;11,83;Fornecedores
Extrato Mensal_Marco2025.pdf;2025-03;07/03/2025;Sispag Fornecedores - Sispag Fornecedores - Sispag Fornecedores - Sispag Fornecedores - Sispag Fornecedores -;1284,69;2086,88;110,13;Fornecedores
Extrato Mensal_Marco2025.pdf;2025-03;10/03/2025;Sispag Fornecedores - Sispag Fornecedores - Sispag Fornecedores - Sispag Fornecedores - Sispag Fornecedores -;435,82;215,0;187,14;Fornecedores
Extrato Mensal_Marco2025.pdf;2025-03;11/03/2025;Sispag Fornecedores - Sispag Fornecedores - Rede VISA CD0041879767 PIX QRS AGNALDO CAR11/03 Apl Aplic Aut Mais -;22,83;33,91;565,44;Fornecedores
Extrato Mensal_Marco2025.pdf;2025-03;12/03/2025;Sispag Fornecedores - Sispag Fornecedores - Sispag Fornecedores - Rede MAST CD0041879767 PIX TRANSF 50.631.12/03;232,19;285,0;220,0;Fornecedores
Extrato Mensal_Marco2025.pdf;2025-03;13/03/2025;Sispag Fornecedores - Sispag Fornecedores - Sispag Fornecedores - Sispag Fornecedores - Sispag Fornecedores -;125,0;3104,15;6,79;Fornecedores
Extrato Mensal_Marco2025.pdf;2025-03;14/03/2025;Sispag TRIB MUNICIPAL - Sispag TRIB MUNICIPAL - Sispag TRIB MUNICIPAL - Sispag Fornecedores - Sispag Fornecedores -;227,6;357,54;372,67;Fornecedores
Extrato Mensal_Marco2025.pdf;2025-03;17/03/2025;Sispag Fornecedores - Sispag Fornecedores - Sispag Fornecedores - Sispag Fornecedores - Sispag Fornecedores -;1452,16;172,85;105,91;Fornecedores
Extrato Mensal_Marco2025.pdf;2025-03;18/03/2025;Sispag CAIAPO CARGAS LT Rede MAST CD0041879767 Rede VISA CD0041879767 PIX QRS FERNANDO AN18/03 Apl Aplic Aut Mais -;280,0;1331,96;1032,27;Fornecedores
Extrato Mensal_Marco2025.pdf;2025-03;19/03/2025;Sispag Fornecedores - Sispag Fornecedores - Sispag Fornecedores - Sispag Fornecedores - Sispag Fornecedores -;377,0;2200,0;295,0;Fornecedores
Extrato Mensal_Marco2025.pdf;2025-03;20/03/2025;Sispag TRIB COD BARRAS - Sispag Fornecedores - Sispag Fornecedores - Rede VISA CD0041879767 PIX TRANSF FLAVIO 20/03;2006,76;560,55;548,79;Fornecedores
Extrato Mensal_Marco2025.pdf;2025-03;21/03/2025;Sispag Fornecedores - Sispag Fornecedores - Sispag Fornecedores - Sispag Fornecedores - Rede MAST CD0041879767;446,27;30,0;2,96;Fornecedores
Extrato Mensal_Marco2025.pdf;2025-03;24/03/2025;Sispag Fornecedores - Sispag Fornecedores - Sispag Fornecedores - Sispag Fornecedores - 352668 B001A 03/04/2025 VBRE6FY3 G0128 I0352668;250,0;435,82;215,0;Fornecedores
Extrato Mensal_Marco2025.pdf;2025-03;25/03/2025;Rede MAST DB0041879767 Apl Aplic Aut Mais -;471,74;122,86;1,0;Cartões
Extrato Mensal_Marco2025.pdf;2025-03;26/03/2025;Sispag Fornecedores - Sispag Fornecedores - Sispag Fornecedores - PIX QRS Carlos Henr26/03 Apl Aplic Aut Mais -;220,0;285,0;30,0;Fornecedores
Extrato Mensal_Marco2025.pdf;2025-03;27/03/2025;Sispag Fornecedores - Rede MAST CD0041879767 PIX TRANSF ANASTAC27/03 PIX TRANSF PAULO F27/03 Apl Aplic Aut Mais -;100,0;761,12;350,0;Fornecedores
Extrato Mensal_Marco2025.pdf;2025-03;28/03/2025;Sispag Fornecedores - Sispag Fornecedores - Sispag Fornecedores - Sispag Fornecedores - Rede MAST CD0041879767;429,95;63,78;370,61;Fornecedores
Extrato Mensal_Marco2025.pdf;2025-03;31/03/2025;Rede MAST CD0041879767 Apl Aplic Aut Mais -;1027,22;1027,22;1,0;Cartões
Extrato Mensal_Marco2025.pdf;2025-03;05/03/2025;;562,41;0,0;0,0;Outros
Extrato Mensal_Marco2025.pdf;2025-03;06/03/2025;;0,0;350,45;0,03;Outros
Extrato Mensal_Marco2025.pdf;2025-03;06/03/2025;;0,0;429,08;0,02;Outros
Extrato Mensal_Marco2025.pdf;2025-03;07/03/2025;;0,0;8,92;0,0;Outros
Extrato Mensal_Marco2025.pdf;2025-03;07/03/2025;;0,0;301,12;0,01;Outros
Extrato Mensal_Marco2025.pdf;2025-03;07/03/2025;;0,0;527,67;0,02;Outros
Extrato Mensal_Marco2025.pdf;2025-03;10/03/2025;;0,0;1415,17;0,06;Outros
Extrato Mensal_Marco2025.pdf;2025-03;11/03/2025;;1108,7;0,0;0,0;Outros
Extrato Mensal_Marco2025.pdf;2025-03;12/03/2025;;923,93;0,0;0,0;Outros
Extrato Mensal_Marco2025.pdf;2025-03;13/03/2025;;1056,16;0,0;0,0;Outros
Extrato Mensal_Marco2025.pdf;2025-03;14/03/2025;;0,0;166,4;0,01;Outros
Extrato Mensal_Marco2025.pdf;2025-03;14/03/2025;;0,0;212,93;0,01;Outros
Extrato Mensal_Marco2025.pdf;2025-03;17/03/2025;;0,0;349,48;0,02;Outros
Extrato Mensal_Marco2025.pdf;2025-03;17/03/2025;;0,0;1108,7;0,04;Outros
Extrato Mensal_Marco2025.pdf;2025-03;17/03/2025;;0,0;923,93;0,02;Outros
Extrato Mensal_Marco2025.pdf;2025-03;17/03/2025;;0,0;691,89;0,01;Outros
Extrato Mensal_Marco2025.pdf;2025-03;18/03/2025;;2794,23;0,0;0,0;Outros
Extrato Mensal_Marco2025.pdf;2025-03;19/03/2025;;0,0;364,27;0,01;Outros
Extrato Mensal_Marco2025.pdf;2025-03;19/03/2025;;0,0;1325,05;0,01;Outros
Extrato Mensal_Marco2025.pdf;2025-03;20/03/2025;;0,0;578,07;0,01;Outros
Extrato Mensal_Marco2025.pdf;2025-03;21/03/2025;;1833,96;0,0;0,0;Outros
Extrato Mensal_Marco2025.pdf;2025-03;24/03/2025;;0,0;891,11;0,03;Outros
Extrato Mensal_Marco2025.pdf;2025-03;24/03/2025;;0,0;1833,96;0,01;Outros
Extrato Mensal_Marco2025.pdf;2025-03;25/03/2025;;122,86;0,0;0,0;Outros
Extrato Mensal_Marco2025.pdf;2025-03;26/03/2025;;140,0;0,0;0,0;Outros
Extrato Mensal_Marco2025.pdf;2025-03;27/03/2025;;1611,12;0,0;0,0;Outros
Extrato Mensal_Marco2025.pdf;2025-03;28/03/2025;;1861,85;0,0;0,0;Outros
Extrato Mensal_Marco2025.pdf;2025-03;31/03/2025;total Conta Corrente | Débitos automáticos efetuados;1027,22;0,0;0,0;Outros
Extrato Mensal_Marco2025.pdf;2025-03;17/03/2025;/25 BUSINESS 0503-0407 Conta Corrente|Cheque Especial (LIS) Limite contratado (LIS) R$ Limite variável (LIS Adicional) (1) ou (LIS Recebíveis) (2) R$;975,58;29000,0;0,0;Débito Automático
Extrato Mensal_Novembro2025.pdf;2025-11;03/11/2025;Sispag Fornecedores - G = aplicação programada Sispag Fornecedores - P = poupança automática Sispag Fornecedores - Para demais siglas, consulte as Notas;1654,1;296,74;1329,54;Fornecedores
Extrato Mensal_Novembro2025.pdf;2025-11;04/11/2025;Sispag Fornecedores - Este material está disponível na Internet > Menu Conta Corrente > Extrato Mensal 363602 B001A 03/12/2025 VBRE6FY3 G0136 I0363602 extrato mensal ag 1611 cc 03917-1 nov 2025 002|006;100,0;0,0;0,0;Fornecedores
Extrato Mensal_Novembro2025.pdf;2025-11;05/11/2025;Sispag Fornecedores - Sispag Fornecedores - Sispag Fornecedores - Rede AMEX CD0041879767 -;269,97;200,0;30,0;Fornecedores
Extrato Mensal_Novembro2025.pdf;2025-11;06/11/2025;Sispag Fornecedores - Sispag Fornecedores - Sispag Fornecedores - PIX QRS CINTIA JOSI06/11 PIX QRS LUIZ MARCIO06/11;160,0;30,0;43,0;Fornecedores
Extrato Mensal_Novembro2025.pdf;2025-11;07/11/2025;Sispag Fornecedores - Sispag Fornecedores - Sispag Fornecedores - Sispag Fornecedores - Sispag Fornecedores -;230,0;50,0;247,5;Fornecedores
Extrato Mensal_Novembro2025.pdf;2025-11;10/11/2025;Sispag Fornecedores - Sispag Fornecedores - Sispag Fornecedores - Sispag Fornecedores - Sispag Fornecedores -;550,0;755,1;156,5;Fornecedores
Extrato Mensal_Novembro2025.pdf;2025-11;11/11/2025;Sispag Fornecedores - Sispag Fornecedores - Sispag Fornecedores - Sispag Fornecedores - Sispag Fornecedores -;55,0;600,0;705,0;Fornecedores
Extrato Mensal_Novembro2025.pdf;2025-11;12/11/2025;Sispag Fornecedores - Rede MAST CD0041879767 Apl Aplic Aut Mais -;37,0;241,77;204,77;Fornecedores
Extrato Mensal_Novembro2025.pdf;2025-11;13/11/2025;Sispag Fornecedores - 363602 B001A 03/12/2025 VBRE6FY3 G0136 I0363602 extrato mensal ag 1611 cc 03917-1 nov 2025 003|006;120,0;0,0;0,0;Fornecedores
Extrato Mensal_Novembro2025.pdf;2025-11;14/11/2025;Sispag Fornecedores - Sispag Fornecedores - Sispag Fornecedores - Sispag Fornecedores - Sispag Fornecedores -;3057,55;150,0;210,0;Fornecedores
Extrato Mensal_Novembro2025.pdf;2025-11;17/11/2025;Sispag Fornecedores - Sispag Fornecedores - Sispag Fornecedores - Sispag Fornecedores 3- Sispag Fornecedores -;63,0;40,0;399,96;Fornecedores
Extrato Mensal_Novembro2025.pdf;2025-11;18/11/2025;Sispag Fornecedores - Sispag Fornecedores - Sispag Fornecedores - -;129,85;17,3;10,0;Fornecedores
Extrato Mensal_Novembro2025.pdf;2025-11;19/11/2025;Sispag Fornecedores - Sispag Fornecedores - Sispag Fornecedores - Sispag Fornecedores - Rede VISA DB0041879767;88,11;88,11;40,0;Fornecedores
Extrato Mensal_Novembro2025.pdf;2025-11;21/11/2025;Sispag Fornecedores - Sispag Fornecedores - Sispag Fornecedores - Sispag Fornecedores - Sispag Fornecedores -;408,49;782,5;150,0;Fornecedores
Extrato Mensal_Novembro2025.pdf;2025-11;24/11/2025;Sispag Fornecedores - Sispag Fornecedores - Sispag Fornecedores - Sispag Fornecedores - Sispag Fornecedores -;224,54;125,0;225,0;Fornecedores
Extrato Mensal_Novembro2025.pdf;2025-11;25/11/2025;Sispag Fornecedores - Sispag Fornecedores - Sispag Fornecedores - Sispag Fornecedores - Rede ELO CD0041879767;269,97;10,0;17,0;Fornecedores
Extrato Mensal_Novembro2025.pdf;2025-11;26/11/2025;Sispag Fornecedores - Sispag Fornecedores - Sispag Fornecedores - Sispag Fornecedores - Sispag Fornecedores -;1010,96;859,48;974,94;Fornecedores
Extrato Mensal_Novembro2025.pdf;2025-11;27/11/2025;Sispag TRIB COD BARRAS - Sispag Fornecedores - Sispag Fornecedores - Sispag Fornecedores - PIX TRANSF MOVA - 27/11;2062,71;40,0;3,0;Fornecedores
Extrato Mensal_Novembro2025.pdf;2025-11;28/11/2025;Sispag Fornecedores - Sispag Fornecedores - Sispag Fornecedores - Sispag Fornecedores - Rede ELO DB0041879767;587,64;568,95;4,99;Fornecedores
Extrato Mensal_Novembro2025.pdf;2025-11;03/11/2025;;0,0;629,74;0,05;Outros
Extrato Mensal_Novembro2025.pdf;2025-11;03/11/2025;;0,0;5,6;0,0;Outros
Extrato Mensal_Novembro2025.pdf;2025-11;03/11/2025;;0,0;1605,75;0,08;Outros
Extrato Mensal_Novembro2025.pdf;2025-11;03/11/2025;;0,0;1245,36;0,05;Outros
Extrato Mensal_Novembro2025.pdf;2025-11;03/11/2025;;0,0;439,69;0,01;Outros
Extrato Mensal_Novembro2025.pdf;2025-11;04/11/2025;;0,0;770,56;0,03;Outros
Extrato Mensal_Novembro2025.pdf;2025-11;06/11/2025;;1437,86;0,0;0,0;Outros
Extrato Mensal_Novembro2025.pdf;2025-11;07/11/2025;;1584,82;0,0;0,0;Outros
Extrato Mensal_Novembro2025.pdf;2025-11;10/11/2025;;0,0;1437,86;0,03;Outros
Extrato Mensal_Novembro2025.pdf;2025-11;10/11/2025;;0,0;720,97;0,0;Outros
Extrato Mensal_Novembro2025.pdf;2025-11;11/11/2025;;867,0;0,0;0,0;Outros
Extrato Mensal_Novembro2025.pdf;2025-11;12/11/2025;;204,77;0,0;0,0;Outros
Extrato Mensal_Novembro2025.pdf;2025-11;13/11/2025;;1169,69;0,0;0,0;Outros
Extrato Mensal_Novembro2025.pdf;2025-11;14/11/2025;;0,0;745,47;0,04;Outros
Extrato Mensal_Novembro2025.pdf;2025-11;17/11/2025;;0,0;118,38;0,0;Outros
Extrato Mensal_Novembro2025.pdf;2025-11;17/11/2025;;0,0;867,0;0,03;Outros
Extrato Mensal_Novembro2025.pdf;2025-11;17/11/2025;;0,0;204,77;0,0;Outros
Extrato Mensal_Novembro2025.pdf;2025-11;17/11/2025;;0,0;1169,69;0,02;Outros
Extrato Mensal_Novembro2025.pdf;2025-11;19/11/2025;;763,74;0,0;0,0;Outros
Extrato Mensal_Novembro2025.pdf;2025-11;21/11/2025;;0,0;315,99;0,0;Outros
Extrato Mensal_Novembro2025.pdf;2025-11;24/11/2025;;3355,22;0,0;0,0;Outros
Extrato Mensal_Novembro2025.pdf;2025-11;25/11/2025;;556,7;0,0;0,0;Outros
Extrato Mensal_Novembro2025.pdf;2025-11;26/11/2025;;0,0;447,75;0,01;Outros
Extrato Mensal_Novembro2025.pdf;2025-11;26/11/2025;;0,0;2499,97;0,05;Outros
Extrato Mensal_Novembro2025.pdf;2025-11;27/11/2025;;0,0;855,25;0,02;Outros
Extrato Mensal_Novembro2025.pdf;2025-11;27/11/2025;;0,0;556,7;0,01;Outros
Extrato Mensal_Novembro2025.pdf;2025-11;28/11/2025;total Conta Corrente | Débitos automáticos efetuados;120,5;0,0;0,0;Outros
Extrato Mensal_Novembro2025.pdf;2025-11;17/11/2025;/25 BUSINESS 0503-0407 Conta Corrente|Cheque Especial (LIS) Limite contratado (LIS) R$ Limite variável (LIS Adicional) (1) ou (LIS Recebíveis) (2) R$;2830,16;29000,0;0,0;Débito Automático
Extrato Mensal_Outubro2025.pdf;2025-10;01/10/2025;Sispag Fornecedores - G = aplicação programada Sispag Fornecedores - P = poupança automática Sispag Fornecedores - Para demais siglas, consulte as Notas;1857,25;1587,03;1000,0;Fornecedores
Extrato Mensal_Outubro2025.pdf;2025-10;02/10/2025;Sispag TRIB COD BARRAS - IOF - Sispag Fornecedores - Sispag Fornecedores - Sispag Fornecedores -;975,37;4,23;199,29;Fornecedores
Extrato Mensal_Outubro2025.pdf;2025-10;03/10/2025;Sispag Fornecedores - Sispag Fornecedores - Sispag Fornecedores - Sispag Fornecedores - Sispag Fornecedores -;293,14;322,7;293,87;Fornecedores
Extrato Mensal_Outubro2025.pdf;2025-10;06/10/2025;Sispag Fornecedores - Sispag Fornecedores - Sispag Fornecedores - Rede MAST CD0041879767 Rede MAST DB0041879767;230,5;1000,0;662,41;Fornecedores
Extrato Mensal_Outubro2025.pdf;2025-10;07/10/2025;Sispag Fornecedores - Sispag Fornecedores - Sispag Fornecedores - Rede VISA DB0041879767 PIX TRANSF GASPAR 07/10;501,0;51,4;37,0;Fornecedores
Extrato Mensal_Outubro2025.pdf;2025-10;08/10/2025;Sispag Fornecedores - Sispag Fornecedores - Sispag Fornecedores - Sispag Fornecedores - PIX QRS WILLIAN DE 08/10;535,0;720,73;14,0;Fornecedores
Extrato Mensal_Outubro2025.pdf;2025-10;09/10/2025;Sispag Fornecedores - Sispag Fornecedores - PIX QRS MICHELE DOP09/10 PIX TRANSF Alisson09/10 Apl Aplic Aut Mais -;176,66;37,0;320,0;Fornecedores
Extrato Mensal_Outubro2025.pdf;2025-10;10/10/2025;Sispag Fornecedores - Sispag Fornecedores - Sispag Fornecedores - Sispag Fornecedores - Sispag Fornecedores -;3800,0;16,9;40,0;Fornecedores
Extrato Mensal_Outubro2025.pdf;2025-10;13/10/2025;Sispag Fornecedores - Sispag Fornecedores - Sispag Fornecedores - Sispag Fornecedores - Sispag Fornecedores -;480,0;1000,0;1000,0;Fornecedores
Extrato Mensal_Outubro2025.pdf;2025-10;14/10/2025;Sispag Fornecedores - Sispag Fornecedores - Sispag Fornecedores - Sispag Fornecedores - Sispag Fornecedores -;252,0;1000,0;103,94;Fornecedores
Extrato Mensal_Outubro2025.pdf;2025-10;15/10/2025;Sispag Fornecedores - Sispag Fornecedores - Business 0503-0407 - PIX QRS JULIANA DE 15/10 Res Aplic Aut Mais;160,0;279,0;2756,15;Fornecedores
Extrato Mensal_Outubro2025.pdf;2025-10;16/10/2025;Sispag Fornecedores - Sispag Fornecedores - Rede MAST CD0041879767 PIX TRANSF PAULO C16/10 Apl Aplic Aut Mais -;40,0;40,0;357,83;Fornecedores
Extrato Mensal_Outubro2025.pdf;2025-10;17/10/2025;Sispag Fornecedores - Sispag Fornecedores - Sispag Fornecedores - Sispag Fornecedores - Sispag Fornecedores -;520,0;507,5;40,82;Fornecedores
Extrato Mensal_Outubro2025.pdf;2025-10;20/10/2025;Sispag Fornecedores - Sispag Fornecedores - Sispag Fornecedores - Rede MAST CD0041879767 Rede MAST DB0041879767;190,0;30,0;74,37;Fornecedores
Extrato Mensal_Outubro2025.pdf;2025-10;21/10/2025;Sispag Fornecedores - Sispag Fornecedores - Sispag Fornecedores - Sispag Fornecedores - Sispag Fornecedores -;448,73;300,0;74,64;Fornecedores
Extrato Mensal_Outubro2025.pdf;2025-10;22/10/2025;Sispag Fornecedores - Sispag Fornecedores - Sispag Fornecedores - Sispag Fornecedores - PIX QRS LEONEL APAR22/10;275,0;25,0;10,99;Fornecedores
Extrato Mensal_Outubro2025.pdf;2025-10;23/10/2025;Sispag Fornecedores - Sispag Fornecedores - Sispag Fornecedores - Sispag Fornecedores - PIX QRS 36.335.093 23/10;343,4;30,0;14,0;Fornecedores
Extrato Mensal_Outubro2025.pdf;2025-10;24/10/2025;Sispag TRIB COD BARRAS - Sispag Fornecedores - Sispag Fornecedores - Sispag Fornecedores - Sispag Fornecedores -;1811,38;270,0;19,0;Fornecedores
Extrato Mensal_Outubro2025.pdf;2025-10;27/10/2025;Sispag Fornecedores - Sispag Fornecedores - Sispag Fornecedores - Sispag Fornecedores - Sispag Fornecedores -;1000,0;400,0;226,77;Fornecedores
Extrato Mensal_Outubro2025.pdf;2025-10;28/10/2025;Sispag Fornecedores - Sispag Fornecedores - Sispag Fornecedores - Sispag Fornecedores - Rede ELO DB0041879767;306,18;40,0;9,48;Fornecedores
Extrato Mensal_Outubro2025.pdf;2025-10;29/10/2025;Sispag Fornecedores - Sispag Fornecedores - Sispag Fornecedores - Sispag Fornecedores - Sispag Fornecedores -;600,0;53,48;11,41;Fornecedores
Extrato Mensal_Outubro2025.pdf;2025-10;30/10/2025;Sispag Fornecedores - Sispag Fornecedores - Sispag Fornecedores - Sispag Fornecedores - PIX QRS DOWN CAR AU30/10;281,43;100,0;1115,0;Fornecedores
Extrato Mensal_Outubro2025.pdf;2025-10;31/10/2025;Sispag Fornecedores - Sispag Fornecedores - Sispag Fornecedores - Res Aplic Aut Mais Rend Pago Aplic Aut Mais;500,0;130,25;40,0;Fornecedores
Extrato Mensal_Outubro2025.pdf;2025-10;01/10/2025;;0,0;3955,09;0,34;Outros
Extrato Mensal_Outubro2025.pdf;2025-10;01/10/2025;;0,0;738,79;0,04;Outros
Extrato Mensal_Outubro2025.pdf;2025-10;01/10/2025;;0,0;473,92;0,02;Outros
Extrato Mensal_Outubro2025.pdf;2025-10;01/10/2025;;0,0;1926,39;0,08;Outros
Extrato Mensal_Outubro2025.pdf;2025-10;02/10/2025;;0,0;1472,85;0,08;Outros
Extrato Mensal_Outubro2025.pdf;2025-10;02/10/2025;;0,0;684,64;0,03;Outros
Extrato Mensal_Outubro2025.pdf;2025-10;03/10/2025;;1623,62;0,0;0,0;Outros
Extrato Mensal_Outubro2025.pdf;2025-10;06/10/2025;;1163,03;0,0;0,0;Outros
Extrato Mensal_Outubro2025.pdf;2025-10;07/10/2025;;2771,14;0,0;0,0;Outros
Extrato Mensal_Outubro2025.pdf;2025-10;08/10/2025;;0,0;414,72;0,03;Outros
Extrato Mensal_Outubro2025.pdf;2025-10;09/10/2025;;606,34;0,0;0,0;Outros
Extrato Mensal_Outubro2025.pdf;2025-10;10/10/2025;;0,0;86,5;0,0;Outros
Extrato Mensal_Outubro2025.pdf;2025-10;10/10/2025;;0,0;995,35;0,08;Outros
Extrato Mensal_Outubro2025.pdf;2025-10;10/10/2025;;0,0;1623,62;0,08;Outros
Extrato Mensal_Outubro2025.pdf;2025-10;10/10/2025;;0,0;1110,18;0,04;Outros
Extrato Mensal_Outubro2025.pdf;2025-10;13/10/2025;;1645,05;0,0;0,0;Outros
Extrato Mensal_Outubro2025.pdf;2025-10;14/10/2025;;0,0;52,85;0,0;Outros
Extrato Mensal_Outubro2025.pdf;2025-10;14/10/2025;;0,0;366,53;0,02;Outros
Extrato Mensal_Outubro2025.pdf;2025-10;15/10/2025;;0,0;1795,12;0,11;Outros
Extrato Mensal_Outubro2025.pdf;2025-10;16/10/2025;;1077,83;0,0;0,0;Outros
Extrato Mensal_Outubro2025.pdf;2025-10;17/10/2025;;0,0;609,49;0,05;Outros
Extrato Mensal_Outubro2025.pdf;2025-10;17/10/2025;;0,0;606,34;0,04;Outros
Extrato Mensal_Outubro2025.pdf;2025-10;17/10/2025;363086 B001A 05/11/2025 VBRE6FY3 G0135 I0363086 extrato mensal ag 1611 cc 03917-1 out 2025 006|008;0,0;1580,45;0,06;Outros
Extrato Mensal_Outubro2025.pdf;2025-10;20/10/2025;;1649,25;0,0;0,0;Outros
Extrato Mensal_Outubro2025.pdf;2025-10;21/10/2025;;0,0;64,6;0,0;Outros
Extrato Mensal_Outubro2025.pdf;2025-10;21/10/2025;;0,0;181,99;0,0;Outros
Extrato Mensal_Outubro2025.pdf;2025-10;22/10/2025;;1399,01;0,0;0,0;Outros
Extrato Mensal_Outubro2025.pdf;2025-10;23/10/2025;;5,6;0,0;0,0;Outros
Extrato Mensal_Outubro2025.pdf;2025-10;24/10/2025;;0,0;895,84;0,05;Outros
Extrato Mensal_Outubro2025.pdf;2025-10;24/10/2025;;0,0;1264,87;0,05;Outros
Extrato Mensal_Outubro2025.pdf;2025-10;27/10/2025;;1605,75;0,0;0,0;Outros
Extrato Mensal_Outubro2025.pdf;2025-10;28/10/2025;;1245,36;0,0;0,0;Outros
Extrato Mensal_Outubro2025.pdf;2025-10;29/10/2025;;1210,25;0,0;0,0;Outros
Extrato Mensal_Outubro2025.pdf;2025-10;30/10/2025;;0,0;384,38;0,03;Outros
Extrato Mensal_Outubro2025.pdf;2025-10;30/10/2025;;0,0;99,04;0,0;Outros
Extrato Mensal_Outubro2025.pdf;2025-10;31/10/2025;total Conta Corrente | Débitos automáticos efetuados;0,0;670,23;0,05;Outros
Extrato Mensal_Outubro2025.pdf;2025-10;15/10/2025;/25 BUSINESS 0503-0407 Conta Corrente|Cheque Especial (LIS) Limite contratado (LIS) R$ Limite variável (LIS Adicional) (1) ou (LIS Recebíveis) (2) R$;2756,15;29000,0;0,0;Débito Automático
Extrato Mensal_Setembro2025.pdf;2025-09;01/09/2025;Sispag Fornecedores - G = aplicação programada Sispag Fornecedores - P = poupança automática Sispag Fornecedores - Para demais siglas, consulte as Notas;285,0;98,0;16,48;Fornecedores
Extrato Mensal_Setembro2025.pdf;2025-09;02/09/2025;IOF - Sispag Fornecedores - Sispag Fornecedores - Sispag Fornecedores - Sispag Fornecedores -;6,99;150,0;586,37;Fornecedores
Extrato Mensal_Setembro2025.pdf;2025-09;03/09/2025;Sispag Fornecedores - Sispag Fornecedores - Sispag Fornecedores - Sispag Fornecedores - Rede VISA CD0041879767;1857,25;2,57;40,0;Fornecedores
Extrato Mensal_Setembro2025.pdf;2025-09;04/09/2025;Sispag Fornecedores - Sispag Fornecedores - Sispag Fornecedores - Sispag Fornecedores - Sispag Fornecedores -;450,0;1381,41;226,94;Fornecedores
Extrato Mensal_Setembro2025.pdf;2025-09;05/09/2025;Sispag Fornecedores - Sispag Fornecedores - PIX TRANSF VALDIVI05/09 Apl Aplic Aut Mais -;37,0;330,0;1450,0;Fornecedores
Extrato Mensal_Setembro2025.pdf;2025-09;08/09/2025;Sispag Fornecedores - Sispag Fornecedores - Sispag Fornecedores - Sispag Fornecedores - Sispag Fornecedores -;827,51;664,28;535,0;Fornecedores
Extrato Mensal_Setembro2025.pdf;2025-09;09/09/2025;Sispag Fornecedores - Sispag Fornecedores - Sispag Fornecedores - PIX TRANSF JOSE UM09/09 Res Aplic Aut Mais;170,93;520,0;37,0;Fornecedores
Extrato Mensal_Setembro2025.pdf;2025-09;10/09/2025;Sispag Fornecedores - Sispag Fornecedores - Rede MAST CD0041879767 PIX TRANSF Carlos 10/09 PIX TRANSF Thiago 10/09;1500,0;120,0;2445,1;Fornecedores
Extrato Mensal_Setembro2025.pdf;2025-09;11/09/2025;Sispag Fornecedores - Sispag Fornecedores - Sispag Fornecedores - Sispag Fornecedores - Sispag Fornecedores -;3800,0;720,73;331,25;Fornecedores
Extrato Mensal_Setembro2025.pdf;2025-09;12/09/2025;Sispag Fornecedores - Sispag Fornecedores - Sispag Fornecedores - PIX TRANSF WELLING12/09 Apl Aplic Aut Mais -;280,0;40,0;210,86;Fornecedores
Extrato Mensal_Setembro2025.pdf;2025-09;15/09/2025;Sispag Fornecedores - Sispag Fornecedores - Sispag Fornecedores - Sispag Fornecedores - Business 0503-0407 -;105,93;40,0;8,34;Fornecedores
Extrato Mensal_Setembro2025.pdf;2025-09;16/09/2025;Sispag Fornecedores - Sispag Fornecedores - Sispag Fornecedores - Sispag Fornecedores - Rede VISA CD0041879767;88,11;60,0;10,56;Fornecedores
Extrato Mensal_Setembro2025.pdf;2025-09;17/09/2025;Sispag Fornecedores - Sispag Fornecedores - Sispag Fornecedores - Sispag Fornecedores - Sispag Fornecedores -;300,0;304,0;94,8;Fornecedores
Extrato Mensal_Setembro2025.pdf;2025-09;18/09/2025;Sispag Fornecedores - Sispag Fornecedores - Sispag Fornecedores - Sispag Fornecedores - Res Aplic Aut Mais;250,0;121,0;40,0;Fornecedores
Extrato Mensal_Setembro2025.pdf;2025-09;19/09/2025;Sispag Fornecedores - Sispag Fornecedores - Sispag Fornecedores - Sispag Fornecedores - Rede MAST DB0041879767;50,0;13,66;40,0;Fornecedores
Extrato Mensal_Setembro2025.pdf;2025-09;22/09/2025;Sispag Fornecedores - Sispag Fornecedores - Sispag Fornecedores - Sispag Fornecedores - Sispag Fornecedores -;200,0;400,0;45,0;Fornecedores
Extrato Mensal_Setembro2025.pdf;2025-09;23/09/2025;Sispag Fornecedores - Sispag Fornecedores - Sispag Fornecedores - 360930 B001A 03/10/2025 VBRE6FY3 G0134 I0360930 extrato mensal ag 1611 cc 03917-1 set 2025 004|006;201,0;255,5;520,0;Fornecedores
Extrato Mensal_Setembro2025.pdf;2025-09;24/09/2025;Sispag Fornecedores - Sispag Fornecedores - Sispag Fornecedores - DEP DIN ATM ENV 000596 Rede MAST CD0041879767;466,01;37,0;704,97;Fornecedores
Extrato Mensal_Setembro2025.pdf;2025-09;25/09/2025;Rede VISA CD0041879767 PIX TRANSF GILSON 25/09 PIX TRANSF Ramilso25/09 PIX TRANSF SIVALDO25/09 Apl Aplic Aut Mais -;504,24;695,0;1000,0;PIX
Extrato Mensal_Setembro2025.pdf;2025-09;26/09/2025;Sispag Fornecedores - Sispag Fornecedores - Sispag Fornecedores - Rede MAST CD0041879767 Rede VISA CD0041879767;1000,0;258,5;66,55;Fornecedores
Extrato Mensal_Setembro2025.pdf;2025-09;29/09/2025;Sispag Fornecedores - Sispag Fornecedores - Sispag Fornecedores - Res Aplic Aut Mais Rend Pago Aplic Aut Mais;500,0;295,0;370,0;Fornecedores
Extrato Mensal_Setembro2025.pdf;2025-09;30/09/2025;Sispag Fornecedores - Sispag Fornecedores - PIX TRANSF ADRIANO30/09 PIX TRANSF DAVI FR30/09 Apl Aplic Aut Mais -;37,0;97,65;550,0;Fornecedores
Extrato Mensal_Setembro2025.pdf;2025-09;01/09/2025;;521,57;0,0;0,0;Outros
Extrato Mensal_Setembro2025.pdf;2025-09;02/09/2025;;1318,3;0,0;0,0;Outros
Extrato Mensal_Setembro2025.pdf;2025-09;03/09/2025;;1428,53;0,0;0,0;Outros
Extrato Mensal_Setembro2025.pdf;2025-09;04/09/2025;;0,0;1950,86;0,15;Outros
Extrato Mensal_Setembro2025.pdf;2025-09;05/09/2025;;1083,0;0,0;0,0;Outros
Extrato Mensal_Setembro2025.pdf;2025-09;08/09/2025;;0,0;692,67;0,06;Outros
Extrato Mensal_Setembro2025.pdf;2025-09;08/09/2025;;0,0;521,57;0,02;Outros
Extrato Mensal_Setembro2025.pdf;2025-09;08/09/2025;;0,0;785,63;0,03;Outros
Extrato Mensal_Setembro2025.pdf;2025-09;09/09/2025;;0,0;277,93;0,01;Outros
Extrato Mensal_Setembro2025.pdf;2025-09;10/09/2025;;2645,1;0,0;0,0;Outros
Extrato Mensal_Setembro2025.pdf;2025-09;11/09/2025;;0,0;254,74;0,01;Outros
Extrato Mensal_Setembro2025.pdf;2025-09;11/09/2025;;0,0;1428,53;0,09;Outros
Extrato Mensal_Setembro2025.pdf;2025-09;11/09/2025;;0,0;1083,0;0,04;Outros
Extrato Mensal_Setembro2025.pdf;2025-09;11/09/2025;;0,0;560,64;0,0;Outros
Extrato Mensal_Setembro2025.pdf;2025-09;12/09/2025;;69,14;0,0;0,0;Outros
Extrato Mensal_Setembro2025.pdf;2025-09;15/09/2025;;0,0;2084,46;0,06;Outros
Extrato Mensal_Setembro2025.pdf;2025-09;15/09/2025;;0,0;69,14;0,0;Outros
Extrato Mensal_Setembro2025.pdf;2025-09;17/09/2025;;1813,38;0,0;0,0;Outros
Extrato Mensal_Setembro2025.pdf;2025-09;18/09/2025;;0,0;663,0;0,0;Outros
Extrato Mensal_Setembro2025.pdf;2025-09;19/09/2025;;4347,28;0,0;0,0;Outros
Extrato Mensal_Setembro2025.pdf;2025-09;22/09/2025;;0,0;377,6;0,01;Outros
Extrato Mensal_Setembro2025.pdf;2025-09;23/09/2025;;738,79;0,0;0,0;Outros
Extrato Mensal_Setembro2025.pdf;2025-09;24/09/2025;;473,92;0,0;0,0;Outros
Extrato Mensal_Setembro2025.pdf;2025-09;25/09/2025;;3399,24;0,0;0,0;Outros
Extrato Mensal_Setembro2025.pdf;2025-09;26/09/2025;;1185,86;0,0;0,0;Outros
Extrato Mensal_Setembro2025.pdf;2025-09;29/09/2025;;0,0;772,78;0,06;Outros
Extrato Mensal_Setembro2025.pdf;2025-09;29/09/2025;;0,0;392,19;0,02;Outros
Extrato Mensal_Setembro2025.pdf;2025-09;30/09/2025;total Conta Corrente | Débitos automáticos efetuados;995,35;0,0;0,0;Outros
Extrato Mensal_Setembro2025.pdf;2025-09;15/09/2025;/25 BUSINESS 0503-0407 Conta Corrente|Cheque Especial (LIS) Limite contratado (LIS) R$ Limite variável (LIS Adicional) (1) ou (LIS Recebíveis) (2) R$;2142,16;29000,0;0,0;Débito Automático
